deg,mos_pred,model
prompt_1221-135766-0014_gt_1221-135766-0004_ar_epoch-40pt_nar_checkpoint-100000pt_2023_08_15_01_25_58_0.wav,4.468685626983643,NISQA_TTS_v1
prompt_1221-135766-0014_gt_1221-135766-0007_ar_epoch-40pt_nar_checkpoint-100000pt_2023_08_15_01_25_58_0.wav,1.9430550336837769,NISQA_TTS_v1
prompt_1221-135766-0014_gt_1221-135766-0014_ar_epoch-40pt_nar_checkpoint-100000pt_2023_08_15_01_25_58_0.wav,4.148336887359619,NISQA_TTS_v1
prompt_1221-135766-0014_gt_1320-122612-0004_ar_epoch-40pt_nar_checkpoint-100000pt_2023_08_15_01_25_58_0.wav,2.717031240463257,NISQA_TTS_v1
prompt_1221-135766-0014_gt_1320-122612-0005_ar_epoch-40pt_nar_checkpoint-100000pt_2023_08_15_01_25_58_0.wav,4.617220401763916,NISQA_TTS_v1
prompt_1221-135766-0014_gt_1320-122612-0007_ar_epoch-40pt_nar_checkpoint-100000pt_2023_08_15_01_25_58_0.wav,3.1291069984436035,NISQA_TTS_v1
prompt_1221-135766-0014_gt_1320-122612-0008_ar_epoch-40pt_nar_checkpoint-100000pt_2023_08_15_01_25_58_0.wav,3.8888020515441895,NISQA_TTS_v1
prompt_1221-135766-0014_gt_1580-141084-0034_ar_epoch-40pt_nar_checkpoint-100000pt_2023_08_15_01_25_58_0.wav,2.9883205890655518,NISQA_TTS_v1
prompt_1221-135766-0014_gt_1580-141084-0040_ar_epoch-40pt_nar_checkpoint-100000pt_2023_08_15_01_25_58_0.wav,3.902970314025879,NISQA_TTS_v1
prompt_1221-135766-0014_gt_1580-141084-0047_ar_epoch-40pt_nar_checkpoint-100000pt_2023_08_15_01_25_58_0.wav,4.350387096405029,NISQA_TTS_v1
prompt_1221-135766-0014_gt_1580-141084-0048_ar_epoch-40pt_nar_checkpoint-100000pt_2023_08_15_01_25_58_0.wav,2.5155951976776123,NISQA_TTS_v1
prompt_1221-135766-0014_gt_2094-142345-0001_ar_epoch-40pt_nar_checkpoint-100000pt_2023_08_15_01_25_58_0.wav,4.198864936828613,NISQA_TTS_v1
prompt_1221-135766-0014_gt_2094-142345-0021_ar_epoch-40pt_nar_checkpoint-100000pt_2023_08_15_01_25_58_0.wav,4.228969097137451,NISQA_TTS_v1
prompt_1221-135766-0014_gt_2094-142345-0024_ar_epoch-40pt_nar_checkpoint-100000pt_2023_08_15_01_25_58_0.wav,2.3730502128601074,NISQA_TTS_v1
prompt_1221-135766-0014_gt_2094-142345-0058_ar_epoch-40pt_nar_checkpoint-100000pt_2023_08_15_01_25_58_0.wav,4.136270523071289,NISQA_TTS_v1
prompt_1221-135766-0014_gt_2300-131720-0000_ar_epoch-40pt_nar_checkpoint-100000pt_2023_08_15_01_25_58_0.wav,2.241584539413452,NISQA_TTS_v1
prompt_1221-135766-0014_gt_2300-131720-0009_ar_epoch-40pt_nar_checkpoint-100000pt_2023_08_15_01_25_58_0.wav,4.522119998931885,NISQA_TTS_v1
prompt_1221-135766-0014_gt_2300-131720-0015_ar_epoch-40pt_nar_checkpoint-100000pt_2023_08_15_01_25_58_0.wav,4.805293560028076,NISQA_TTS_v1
prompt_1221-135766-0014_gt_2300-131720-0027_ar_epoch-40pt_nar_checkpoint-100000pt_2023_08_15_01_25_58_0.wav,4.443543910980225,NISQA_TTS_v1
prompt_1221-135766-0014_gt_260-123288-0001_ar_epoch-40pt_nar_checkpoint-100000pt_2023_08_15_01_25_58_0.wav,3.714840888977051,NISQA_TTS_v1
prompt_1221-135766-0014_gt_260-123288-0002_ar_epoch-40pt_nar_checkpoint-100000pt_2023_08_15_01_25_58_0.wav,2.3998501300811768,NISQA_TTS_v1
prompt_1221-135766-0014_gt_260-123288-0006_ar_epoch-40pt_nar_checkpoint-100000pt_2023_08_15_01_25_58_0.wav,2.5697672367095947,NISQA_TTS_v1
prompt_1221-135766-0014_gt_260-123288-0011_ar_epoch-40pt_nar_checkpoint-100000pt_2023_08_15_01_25_58_0.wav,4.355444431304932,NISQA_TTS_v1
prompt_1221-135766-0014_gt_3575-170457-0000_ar_epoch-40pt_nar_checkpoint-100000pt_2023_08_15_01_25_58_0.wav,3.60241961479187,NISQA_TTS_v1
prompt_1221-135766-0014_gt_3575-170457-0005_ar_epoch-40pt_nar_checkpoint-100000pt_2023_08_15_01_25_58_0.wav,4.937849998474121,NISQA_TTS_v1
prompt_1221-135766-0014_gt_3575-170457-0022_ar_epoch-40pt_nar_checkpoint-100000pt_2023_08_15_01_25_58_0.wav,3.4657340049743652,NISQA_TTS_v1
prompt_1221-135766-0014_gt_3575-170457-0050_ar_epoch-40pt_nar_checkpoint-100000pt_2023_08_15_01_25_58_0.wav,4.295058250427246,NISQA_TTS_v1
prompt_1221-135766-0014_gt_5105-28240-0004_ar_epoch-40pt_nar_checkpoint-100000pt_2023_08_15_01_25_58_0.wav,2.3038010597229004,NISQA_TTS_v1
prompt_1221-135766-0014_gt_5105-28240-0005_ar_epoch-40pt_nar_checkpoint-100000pt_2023_08_15_01_25_58_0.wav,3.3689815998077393,NISQA_TTS_v1
prompt_1221-135766-0014_gt_5105-28240-0016_ar_epoch-40pt_nar_checkpoint-100000pt_2023_08_15_01_25_58_0.wav,2.725468635559082,NISQA_TTS_v1
prompt_1221-135766-0014_gt_5105-28240-0019_ar_epoch-40pt_nar_checkpoint-100000pt_2023_08_15_01_25_58_0.wav,2.7978858947753906,NISQA_TTS_v1
prompt_1221-135766-0014_gt_7021-85628-0008_ar_epoch-40pt_nar_checkpoint-100000pt_2023_08_15_01_25_58_0.wav,3.019684076309204,NISQA_TTS_v1
prompt_1221-135766-0014_gt_7021-85628-0009_ar_epoch-40pt_nar_checkpoint-100000pt_2023_08_15_01_25_58_0.wav,4.544444561004639,NISQA_TTS_v1
prompt_1221-135766-0014_gt_7021-85628-0010_ar_epoch-40pt_nar_checkpoint-100000pt_2023_08_15_01_25_58_0.wav,2.628999710083008,NISQA_TTS_v1
prompt_1221-135766-0014_gt_7021-85628-0011_ar_epoch-40pt_nar_checkpoint-100000pt_2023_08_15_01_25_58_0.wav,4.6541266441345215,NISQA_TTS_v1
prompt_1221-135766-0014_gt_7729-102255-0005_ar_epoch-40pt_nar_checkpoint-100000pt_2023_08_15_01_25_58_0.wav,2.8806917667388916,NISQA_TTS_v1
prompt_1221-135766-0014_gt_7729-102255-0019_ar_epoch-40pt_nar_checkpoint-100000pt_2023_08_15_01_25_58_0.wav,2.234109401702881,NISQA_TTS_v1
prompt_1221-135766-0014_gt_7729-102255-0021_ar_epoch-40pt_nar_checkpoint-100000pt_2023_08_15_01_25_58_0.wav,2.5785396099090576,NISQA_TTS_v1
prompt_1221-135766-0014_gt_7729-102255-0036_ar_epoch-40pt_nar_checkpoint-100000pt_2023_08_15_01_25_58_0.wav,4.851446151733398,NISQA_TTS_v1
prompt_1320-122612-0008_gt_1221-135766-0002_ar_epoch-40pt_nar_checkpoint-100000pt_2023_08_15_01_25_58_0.wav,3.295219659805298,NISQA_TTS_v1
prompt_1320-122612-0008_gt_1221-135766-0004_ar_epoch-40pt_nar_checkpoint-100000pt_2023_08_15_01_25_58_0.wav,4.099230766296387,NISQA_TTS_v1
prompt_1320-122612-0008_gt_1221-135766-0007_ar_epoch-40pt_nar_checkpoint-100000pt_2023_08_15_01_25_58_0.wav,2.435493230819702,NISQA_TTS_v1
prompt_1320-122612-0008_gt_1221-135766-0014_ar_epoch-40pt_nar_checkpoint-100000pt_2023_08_15_01_25_58_0.wav,4.300026893615723,NISQA_TTS_v1
prompt_1320-122612-0008_gt_1320-122612-0004_ar_epoch-40pt_nar_checkpoint-100000pt_2023_08_15_01_25_58_0.wav,4.018409729003906,NISQA_TTS_v1
prompt_1320-122612-0008_gt_1320-122612-0005_ar_epoch-40pt_nar_checkpoint-100000pt_2023_08_15_01_25_58_0.wav,4.102684497833252,NISQA_TTS_v1
prompt_1320-122612-0008_gt_1320-122612-0007_ar_epoch-40pt_nar_checkpoint-100000pt_2023_08_15_01_25_58_0.wav,3.7644870281219482,NISQA_TTS_v1
prompt_1320-122612-0008_gt_1320-122612-0008_ar_epoch-40pt_nar_checkpoint-100000pt_2023_08_15_01_25_58_0.wav,4.361076831817627,NISQA_TTS_v1
prompt_1320-122612-0008_gt_1580-141084-0034_ar_epoch-40pt_nar_checkpoint-100000pt_2023_08_15_01_25_58_0.wav,3.9344112873077393,NISQA_TTS_v1
prompt_1320-122612-0008_gt_1580-141084-0040_ar_epoch-40pt_nar_checkpoint-100000pt_2023_08_15_01_25_58_0.wav,3.667022466659546,NISQA_TTS_v1
prompt_1320-122612-0008_gt_1580-141084-0047_ar_epoch-40pt_nar_checkpoint-100000pt_2023_08_15_01_25_58_0.wav,3.092618703842163,NISQA_TTS_v1
prompt_1320-122612-0008_gt_1580-141084-0048_ar_epoch-40pt_nar_checkpoint-100000pt_2023_08_15_01_25_58_0.wav,3.8637166023254395,NISQA_TTS_v1
prompt_1320-122612-0008_gt_2094-142345-0001_ar_epoch-40pt_nar_checkpoint-100000pt_2023_08_15_01_25_58_0.wav,3.807292938232422,NISQA_TTS_v1
prompt_1320-122612-0008_gt_2094-142345-0021_ar_epoch-40pt_nar_checkpoint-100000pt_2023_08_15_01_25_58_0.wav,4.514174461364746,NISQA_TTS_v1
prompt_1320-122612-0008_gt_2094-142345-0024_ar_epoch-40pt_nar_checkpoint-100000pt_2023_08_15_01_25_58_0.wav,4.149980545043945,NISQA_TTS_v1
prompt_1320-122612-0008_gt_2094-142345-0058_ar_epoch-40pt_nar_checkpoint-100000pt_2023_08_15_01_25_58_0.wav,4.2595343589782715,NISQA_TTS_v1
prompt_1320-122612-0008_gt_2300-131720-0000_ar_epoch-40pt_nar_checkpoint-100000pt_2023_08_15_01_25_58_0.wav,3.788928747177124,NISQA_TTS_v1
prompt_1320-122612-0008_gt_2300-131720-0009_ar_epoch-40pt_nar_checkpoint-100000pt_2023_08_15_01_25_58_0.wav,4.033459186553955,NISQA_TTS_v1
prompt_1320-122612-0008_gt_2300-131720-0015_ar_epoch-40pt_nar_checkpoint-100000pt_2023_08_15_01_25_58_0.wav,3.8426601886749268,NISQA_TTS_v1
prompt_1320-122612-0008_gt_2300-131720-0027_ar_epoch-40pt_nar_checkpoint-100000pt_2023_08_15_01_25_58_0.wav,3.1870992183685303,NISQA_TTS_v1
prompt_1320-122612-0008_gt_260-123288-0001_ar_epoch-40pt_nar_checkpoint-100000pt_2023_08_15_01_25_58_0.wav,4.001438140869141,NISQA_TTS_v1
prompt_1320-122612-0008_gt_260-123288-0002_ar_epoch-40pt_nar_checkpoint-100000pt_2023_08_15_01_25_58_0.wav,3.19823956489563,NISQA_TTS_v1
prompt_1320-122612-0008_gt_260-123288-0006_ar_epoch-40pt_nar_checkpoint-100000pt_2023_08_15_01_25_58_0.wav,3.575593948364258,NISQA_TTS_v1
prompt_1320-122612-0008_gt_260-123288-0011_ar_epoch-40pt_nar_checkpoint-100000pt_2023_08_15_01_25_58_0.wav,3.2263643741607666,NISQA_TTS_v1
prompt_1320-122612-0008_gt_3575-170457-0000_ar_epoch-40pt_nar_checkpoint-100000pt_2023_08_15_01_25_58_0.wav,3.301123857498169,NISQA_TTS_v1
prompt_1320-122612-0008_gt_3575-170457-0005_ar_epoch-40pt_nar_checkpoint-100000pt_2023_08_15_01_25_58_0.wav,3.9984352588653564,NISQA_TTS_v1
prompt_1320-122612-0008_gt_3575-170457-0022_ar_epoch-40pt_nar_checkpoint-100000pt_2023_08_15_01_25_58_0.wav,4.323180675506592,NISQA_TTS_v1
prompt_1320-122612-0008_gt_3575-170457-0050_ar_epoch-40pt_nar_checkpoint-100000pt_2023_08_15_01_25_58_0.wav,4.227487087249756,NISQA_TTS_v1
prompt_1320-122612-0008_gt_5105-28240-0004_ar_epoch-40pt_nar_checkpoint-100000pt_2023_08_15_01_25_58_0.wav,3.5442888736724854,NISQA_TTS_v1
prompt_1320-122612-0008_gt_5105-28240-0005_ar_epoch-40pt_nar_checkpoint-100000pt_2023_08_15_01_25_58_0.wav,4.228323459625244,NISQA_TTS_v1
prompt_1320-122612-0008_gt_5105-28240-0016_ar_epoch-40pt_nar_checkpoint-100000pt_2023_08_15_01_25_58_0.wav,4.62296724319458,NISQA_TTS_v1
prompt_1320-122612-0008_gt_5105-28240-0019_ar_epoch-40pt_nar_checkpoint-100000pt_2023_08_15_01_25_58_0.wav,3.4390907287597656,NISQA_TTS_v1
prompt_1320-122612-0008_gt_7021-85628-0008_ar_epoch-40pt_nar_checkpoint-100000pt_2023_08_15_01_25_58_0.wav,4.369306564331055,NISQA_TTS_v1
prompt_1320-122612-0008_gt_7021-85628-0009_ar_epoch-40pt_nar_checkpoint-100000pt_2023_08_15_01_25_58_0.wav,4.400436878204346,NISQA_TTS_v1
prompt_1320-122612-0008_gt_7021-85628-0010_ar_epoch-40pt_nar_checkpoint-100000pt_2023_08_15_01_25_58_0.wav,3.204925298690796,NISQA_TTS_v1
prompt_1320-122612-0008_gt_7021-85628-0011_ar_epoch-40pt_nar_checkpoint-100000pt_2023_08_15_01_25_58_0.wav,3.1669933795928955,NISQA_TTS_v1
prompt_1320-122612-0008_gt_7729-102255-0005_ar_epoch-40pt_nar_checkpoint-100000pt_2023_08_15_01_25_58_0.wav,4.268294334411621,NISQA_TTS_v1
prompt_1320-122612-0008_gt_7729-102255-0019_ar_epoch-40pt_nar_checkpoint-100000pt_2023_08_15_01_25_58_0.wav,3.738276243209839,NISQA_TTS_v1
prompt_1320-122612-0008_gt_7729-102255-0021_ar_epoch-40pt_nar_checkpoint-100000pt_2023_08_15_01_25_58_0.wav,3.756094217300415,NISQA_TTS_v1
prompt_1320-122612-0008_gt_7729-102255-0036_ar_epoch-40pt_nar_checkpoint-100000pt_2023_08_15_01_25_58_0.wav,3.4818811416625977,NISQA_TTS_v1
prompt_1580-141084-0009_gt_1221-135766-0002_ar_epoch-40pt_nar_checkpoint-100000pt_2023_08_15_01_25_58_0.wav,3.892813205718994,NISQA_TTS_v1
prompt_1580-141084-0009_gt_1221-135766-0004_ar_epoch-40pt_nar_checkpoint-100000pt_2023_08_15_01_25_58_0.wav,4.648038387298584,NISQA_TTS_v1
prompt_1580-141084-0009_gt_1221-135766-0007_ar_epoch-40pt_nar_checkpoint-100000pt_2023_08_15_01_25_58_0.wav,4.365725040435791,NISQA_TTS_v1
prompt_1580-141084-0009_gt_1221-135766-0014_ar_epoch-40pt_nar_checkpoint-100000pt_2023_08_15_01_25_58_0.wav,4.473915100097656,NISQA_TTS_v1
prompt_1580-141084-0009_gt_1320-122612-0004_ar_epoch-40pt_nar_checkpoint-100000pt_2023_08_15_01_25_58_0.wav,4.5171895027160645,NISQA_TTS_v1
prompt_1580-141084-0009_gt_1320-122612-0005_ar_epoch-40pt_nar_checkpoint-100000pt_2023_08_15_01_25_58_0.wav,4.448071479797363,NISQA_TTS_v1
prompt_1580-141084-0009_gt_1320-122612-0007_ar_epoch-40pt_nar_checkpoint-100000pt_2023_08_15_01_25_58_0.wav,4.216841697692871,NISQA_TTS_v1
prompt_1580-141084-0009_gt_1320-122612-0008_ar_epoch-40pt_nar_checkpoint-100000pt_2023_08_15_01_25_58_0.wav,4.480107307434082,NISQA_TTS_v1
prompt_1580-141084-0009_gt_1580-141084-0034_ar_epoch-40pt_nar_checkpoint-100000pt_2023_08_15_01_25_58_0.wav,4.303160190582275,NISQA_TTS_v1
prompt_1580-141084-0009_gt_1580-141084-0040_ar_epoch-40pt_nar_checkpoint-100000pt_2023_08_15_01_25_58_0.wav,4.227292537689209,NISQA_TTS_v1
prompt_1580-141084-0009_gt_1580-141084-0047_ar_epoch-40pt_nar_checkpoint-100000pt_2023_08_15_01_25_58_0.wav,4.44044303894043,NISQA_TTS_v1
prompt_1580-141084-0009_gt_1580-141084-0048_ar_epoch-40pt_nar_checkpoint-100000pt_2023_08_15_01_25_58_0.wav,4.50308895111084,NISQA_TTS_v1
prompt_1580-141084-0009_gt_2094-142345-0001_ar_epoch-40pt_nar_checkpoint-100000pt_2023_08_15_01_25_58_0.wav,4.252771854400635,NISQA_TTS_v1
prompt_1580-141084-0009_gt_2094-142345-0021_ar_epoch-40pt_nar_checkpoint-100000pt_2023_08_15_01_25_58_0.wav,4.351955413818359,NISQA_TTS_v1
prompt_1580-141084-0009_gt_2094-142345-0024_ar_epoch-40pt_nar_checkpoint-100000pt_2023_08_15_01_25_58_0.wav,4.258272647857666,NISQA_TTS_v1
prompt_1580-141084-0009_gt_2094-142345-0058_ar_epoch-40pt_nar_checkpoint-100000pt_2023_08_15_01_25_58_0.wav,4.615572452545166,NISQA_TTS_v1
prompt_1580-141084-0009_gt_2300-131720-0000_ar_epoch-40pt_nar_checkpoint-100000pt_2023_08_15_01_25_58_0.wav,4.538355350494385,NISQA_TTS_v1
prompt_1580-141084-0009_gt_2300-131720-0009_ar_epoch-40pt_nar_checkpoint-100000pt_2023_08_15_01_25_58_0.wav,4.362217903137207,NISQA_TTS_v1
prompt_1580-141084-0009_gt_2300-131720-0015_ar_epoch-40pt_nar_checkpoint-100000pt_2023_08_15_01_25_58_0.wav,4.448990345001221,NISQA_TTS_v1
prompt_1580-141084-0009_gt_2300-131720-0027_ar_epoch-40pt_nar_checkpoint-100000pt_2023_08_15_01_25_58_0.wav,4.3972930908203125,NISQA_TTS_v1
prompt_1580-141084-0009_gt_260-123288-0001_ar_epoch-40pt_nar_checkpoint-100000pt_2023_08_15_01_25_58_0.wav,4.398311138153076,NISQA_TTS_v1
prompt_1580-141084-0009_gt_260-123288-0002_ar_epoch-40pt_nar_checkpoint-100000pt_2023_08_15_01_25_58_0.wav,4.4173126220703125,NISQA_TTS_v1
prompt_1580-141084-0009_gt_260-123288-0006_ar_epoch-40pt_nar_checkpoint-100000pt_2023_08_15_01_25_58_0.wav,4.476457595825195,NISQA_TTS_v1
prompt_1580-141084-0009_gt_260-123288-0011_ar_epoch-40pt_nar_checkpoint-100000pt_2023_08_15_01_25_58_0.wav,4.50870943069458,NISQA_TTS_v1
prompt_1580-141084-0009_gt_3575-170457-0000_ar_epoch-40pt_nar_checkpoint-100000pt_2023_08_15_01_25_58_0.wav,4.3634538650512695,NISQA_TTS_v1
prompt_1580-141084-0009_gt_3575-170457-0005_ar_epoch-40pt_nar_checkpoint-100000pt_2023_08_15_01_25_58_0.wav,4.473320484161377,NISQA_TTS_v1
prompt_1580-141084-0009_gt_3575-170457-0022_ar_epoch-40pt_nar_checkpoint-100000pt_2023_08_15_01_25_58_0.wav,4.4285054206848145,NISQA_TTS_v1
prompt_1580-141084-0009_gt_3575-170457-0050_ar_epoch-40pt_nar_checkpoint-100000pt_2023_08_15_01_25_58_0.wav,4.0886359214782715,NISQA_TTS_v1
prompt_1580-141084-0009_gt_5105-28240-0004_ar_epoch-40pt_nar_checkpoint-100000pt_2023_08_15_01_25_58_0.wav,4.466302871704102,NISQA_TTS_v1
prompt_1580-141084-0009_gt_5105-28240-0005_ar_epoch-40pt_nar_checkpoint-100000pt_2023_08_15_01_25_58_0.wav,4.462218761444092,NISQA_TTS_v1
prompt_1580-141084-0009_gt_5105-28240-0016_ar_epoch-40pt_nar_checkpoint-100000pt_2023_08_15_01_25_58_0.wav,4.296257019042969,NISQA_TTS_v1
prompt_1580-141084-0009_gt_5105-28240-0019_ar_epoch-40pt_nar_checkpoint-100000pt_2023_08_15_01_25_58_0.wav,4.028958797454834,NISQA_TTS_v1
prompt_1580-141084-0009_gt_7021-85628-0008_ar_epoch-40pt_nar_checkpoint-100000pt_2023_08_15_01_25_58_0.wav,4.460124492645264,NISQA_TTS_v1
prompt_1580-141084-0009_gt_7021-85628-0009_ar_epoch-40pt_nar_checkpoint-100000pt_2023_08_15_01_25_58_0.wav,4.2291412353515625,NISQA_TTS_v1
prompt_1580-141084-0009_gt_7021-85628-0010_ar_epoch-40pt_nar_checkpoint-100000pt_2023_08_15_01_25_58_0.wav,4.4443793296813965,NISQA_TTS_v1
prompt_1580-141084-0009_gt_7021-85628-0011_ar_epoch-40pt_nar_checkpoint-100000pt_2023_08_15_01_25_58_0.wav,4.438797473907471,NISQA_TTS_v1
prompt_1580-141084-0009_gt_7729-102255-0005_ar_epoch-40pt_nar_checkpoint-100000pt_2023_08_15_01_25_58_0.wav,4.439364433288574,NISQA_TTS_v1
prompt_1580-141084-0009_gt_7729-102255-0019_ar_epoch-40pt_nar_checkpoint-100000pt_2023_08_15_01_25_58_0.wav,4.561318397521973,NISQA_TTS_v1
prompt_1580-141084-0009_gt_7729-102255-0021_ar_epoch-40pt_nar_checkpoint-100000pt_2023_08_15_01_25_58_0.wav,4.4193596839904785,NISQA_TTS_v1
prompt_1580-141084-0009_gt_7729-102255-0036_ar_epoch-40pt_nar_checkpoint-100000pt_2023_08_15_01_25_58_0.wav,4.3842339515686035,NISQA_TTS_v1
prompt_2094-142345-0048_gt_1221-135766-0002_ar_epoch-40pt_nar_checkpoint-100000pt_2023_08_15_01_25_58_0.wav,4.8167338371276855,NISQA_TTS_v1
prompt_2094-142345-0048_gt_1221-135766-0004_ar_epoch-40pt_nar_checkpoint-100000pt_2023_08_15_01_25_58_0.wav,4.527395725250244,NISQA_TTS_v1
prompt_2094-142345-0048_gt_1221-135766-0007_ar_epoch-40pt_nar_checkpoint-100000pt_2023_08_15_01_25_58_0.wav,3.4413938522338867,NISQA_TTS_v1
prompt_2094-142345-0048_gt_1221-135766-0014_ar_epoch-40pt_nar_checkpoint-100000pt_2023_08_15_01_25_58_0.wav,4.5605597496032715,NISQA_TTS_v1
prompt_2094-142345-0048_gt_1320-122612-0004_ar_epoch-40pt_nar_checkpoint-100000pt_2023_08_15_01_25_58_0.wav,4.742961406707764,NISQA_TTS_v1
prompt_2094-142345-0048_gt_1320-122612-0005_ar_epoch-40pt_nar_checkpoint-100000pt_2023_08_15_01_25_58_0.wav,3.1750504970550537,NISQA_TTS_v1
prompt_2094-142345-0048_gt_1320-122612-0007_ar_epoch-40pt_nar_checkpoint-100000pt_2023_08_15_01_25_58_0.wav,3.011202573776245,NISQA_TTS_v1
prompt_2094-142345-0048_gt_1320-122612-0008_ar_epoch-40pt_nar_checkpoint-100000pt_2023_08_15_01_25_58_0.wav,4.945497989654541,NISQA_TTS_v1
prompt_2094-142345-0048_gt_1580-141084-0034_ar_epoch-40pt_nar_checkpoint-100000pt_2023_08_15_01_25_58_0.wav,3.516923189163208,NISQA_TTS_v1
prompt_2094-142345-0048_gt_1580-141084-0040_ar_epoch-40pt_nar_checkpoint-100000pt_2023_08_15_01_25_58_0.wav,4.555696964263916,NISQA_TTS_v1
prompt_2094-142345-0048_gt_1580-141084-0047_ar_epoch-40pt_nar_checkpoint-100000pt_2023_08_15_01_25_58_0.wav,4.816179275512695,NISQA_TTS_v1
prompt_2094-142345-0048_gt_1580-141084-0048_ar_epoch-40pt_nar_checkpoint-100000pt_2023_08_15_01_25_58_0.wav,4.710495471954346,NISQA_TTS_v1
prompt_2094-142345-0048_gt_2094-142345-0001_ar_epoch-40pt_nar_checkpoint-100000pt_2023_08_15_01_25_58_0.wav,4.9339118003845215,NISQA_TTS_v1
prompt_2094-142345-0048_gt_2094-142345-0021_ar_epoch-40pt_nar_checkpoint-100000pt_2023_08_15_01_25_58_0.wav,4.85753870010376,NISQA_TTS_v1
prompt_2094-142345-0048_gt_2094-142345-0024_ar_epoch-40pt_nar_checkpoint-100000pt_2023_08_15_01_25_58_0.wav,4.478750228881836,NISQA_TTS_v1
prompt_2094-142345-0048_gt_2094-142345-0058_ar_epoch-40pt_nar_checkpoint-100000pt_2023_08_15_01_25_58_0.wav,4.3876729011535645,NISQA_TTS_v1
prompt_2094-142345-0048_gt_2300-131720-0000_ar_epoch-40pt_nar_checkpoint-100000pt_2023_08_15_01_25_58_0.wav,4.670542240142822,NISQA_TTS_v1
prompt_2094-142345-0048_gt_2300-131720-0009_ar_epoch-40pt_nar_checkpoint-100000pt_2023_08_15_01_25_58_0.wav,4.378206729888916,NISQA_TTS_v1
prompt_2094-142345-0048_gt_2300-131720-0015_ar_epoch-40pt_nar_checkpoint-100000pt_2023_08_15_01_25_58_0.wav,4.534644603729248,NISQA_TTS_v1
prompt_2094-142345-0048_gt_2300-131720-0027_ar_epoch-40pt_nar_checkpoint-100000pt_2023_08_15_01_25_58_0.wav,3.979963779449463,NISQA_TTS_v1
prompt_2094-142345-0048_gt_260-123288-0001_ar_epoch-40pt_nar_checkpoint-100000pt_2023_08_15_01_25_58_0.wav,4.480214595794678,NISQA_TTS_v1
prompt_2094-142345-0048_gt_260-123288-0002_ar_epoch-40pt_nar_checkpoint-100000pt_2023_08_15_01_25_58_0.wav,3.729593515396118,NISQA_TTS_v1
prompt_2094-142345-0048_gt_260-123288-0006_ar_epoch-40pt_nar_checkpoint-100000pt_2023_08_15_01_25_58_0.wav,3.0639240741729736,NISQA_TTS_v1
prompt_2094-142345-0048_gt_260-123288-0011_ar_epoch-40pt_nar_checkpoint-100000pt_2023_08_15_01_25_58_0.wav,3.631767988204956,NISQA_TTS_v1
prompt_2094-142345-0048_gt_3575-170457-0000_ar_epoch-40pt_nar_checkpoint-100000pt_2023_08_15_01_25_58_0.wav,3.8219358921051025,NISQA_TTS_v1
prompt_2094-142345-0048_gt_3575-170457-0005_ar_epoch-40pt_nar_checkpoint-100000pt_2023_08_15_01_25_58_0.wav,3.0328621864318848,NISQA_TTS_v1
prompt_2094-142345-0048_gt_3575-170457-0022_ar_epoch-40pt_nar_checkpoint-100000pt_2023_08_15_01_25_58_0.wav,4.446908473968506,NISQA_TTS_v1
prompt_2094-142345-0048_gt_3575-170457-0050_ar_epoch-40pt_nar_checkpoint-100000pt_2023_08_15_01_25_58_0.wav,4.1790900230407715,NISQA_TTS_v1
prompt_2094-142345-0048_gt_5105-28240-0004_ar_epoch-40pt_nar_checkpoint-100000pt_2023_08_15_01_25_58_0.wav,4.553225040435791,NISQA_TTS_v1
prompt_2094-142345-0048_gt_5105-28240-0005_ar_epoch-40pt_nar_checkpoint-100000pt_2023_08_15_01_25_58_0.wav,4.793690204620361,NISQA_TTS_v1
prompt_2094-142345-0048_gt_5105-28240-0016_ar_epoch-40pt_nar_checkpoint-100000pt_2023_08_15_01_25_58_0.wav,4.592381000518799,NISQA_TTS_v1
prompt_2094-142345-0048_gt_5105-28240-0019_ar_epoch-40pt_nar_checkpoint-100000pt_2023_08_15_01_25_58_0.wav,4.447205066680908,NISQA_TTS_v1
prompt_2094-142345-0048_gt_7021-85628-0008_ar_epoch-40pt_nar_checkpoint-100000pt_2023_08_15_01_25_58_0.wav,4.187582492828369,NISQA_TTS_v1
prompt_2094-142345-0048_gt_7021-85628-0009_ar_epoch-40pt_nar_checkpoint-100000pt_2023_08_15_01_25_58_0.wav,4.881556510925293,NISQA_TTS_v1
prompt_2094-142345-0048_gt_7021-85628-0010_ar_epoch-40pt_nar_checkpoint-100000pt_2023_08_15_01_25_58_0.wav,4.460508823394775,NISQA_TTS_v1
prompt_2094-142345-0048_gt_7021-85628-0011_ar_epoch-40pt_nar_checkpoint-100000pt_2023_08_15_01_25_58_0.wav,3.6084396839141846,NISQA_TTS_v1
prompt_2094-142345-0048_gt_7729-102255-0005_ar_epoch-40pt_nar_checkpoint-100000pt_2023_08_15_01_25_58_0.wav,4.218708515167236,NISQA_TTS_v1
prompt_2094-142345-0048_gt_7729-102255-0019_ar_epoch-40pt_nar_checkpoint-100000pt_2023_08_15_01_25_58_0.wav,4.29459285736084,NISQA_TTS_v1
prompt_2094-142345-0048_gt_7729-102255-0021_ar_epoch-40pt_nar_checkpoint-100000pt_2023_08_15_01_25_58_0.wav,4.520809650421143,NISQA_TTS_v1
prompt_2094-142345-0048_gt_7729-102255-0036_ar_epoch-40pt_nar_checkpoint-100000pt_2023_08_15_01_25_58_0.wav,4.045224666595459,NISQA_TTS_v1
prompt_2300-131720-0006_gt_1221-135766-0002_ar_epoch-40pt_nar_checkpoint-100000pt_2023_08_15_01_25_58_0.wav,3.1358513832092285,NISQA_TTS_v1
prompt_2300-131720-0006_gt_1221-135766-0004_ar_epoch-40pt_nar_checkpoint-100000pt_2023_08_15_01_25_58_0.wav,2.9408743381500244,NISQA_TTS_v1
prompt_2300-131720-0006_gt_1221-135766-0007_ar_epoch-40pt_nar_checkpoint-100000pt_2023_08_15_01_25_58_0.wav,2.4264233112335205,NISQA_TTS_v1
prompt_2300-131720-0006_gt_1221-135766-0014_ar_epoch-40pt_nar_checkpoint-100000pt_2023_08_15_01_25_58_0.wav,3.047741174697876,NISQA_TTS_v1
prompt_2300-131720-0006_gt_1320-122612-0004_ar_epoch-40pt_nar_checkpoint-100000pt_2023_08_15_01_25_58_0.wav,3.6637611389160156,NISQA_TTS_v1
prompt_2300-131720-0006_gt_1320-122612-0005_ar_epoch-40pt_nar_checkpoint-100000pt_2023_08_15_01_25_58_0.wav,4.270639896392822,NISQA_TTS_v1
prompt_2300-131720-0006_gt_1320-122612-0007_ar_epoch-40pt_nar_checkpoint-100000pt_2023_08_15_01_25_58_0.wav,2.693650245666504,NISQA_TTS_v1
prompt_2300-131720-0006_gt_1320-122612-0008_ar_epoch-40pt_nar_checkpoint-100000pt_2023_08_15_01_25_58_0.wav,2.9311325550079346,NISQA_TTS_v1
prompt_2300-131720-0006_gt_1580-141084-0034_ar_epoch-40pt_nar_checkpoint-100000pt_2023_08_15_01_25_58_0.wav,2.7530083656311035,NISQA_TTS_v1
prompt_2300-131720-0006_gt_1580-141084-0040_ar_epoch-40pt_nar_checkpoint-100000pt_2023_08_15_01_25_58_0.wav,2.839707612991333,NISQA_TTS_v1
prompt_2300-131720-0006_gt_1580-141084-0047_ar_epoch-40pt_nar_checkpoint-100000pt_2023_08_15_01_25_58_0.wav,2.6315157413482666,NISQA_TTS_v1
prompt_2300-131720-0006_gt_1580-141084-0048_ar_epoch-40pt_nar_checkpoint-100000pt_2023_08_15_01_25_58_0.wav,2.8041903972625732,NISQA_TTS_v1
prompt_2300-131720-0006_gt_2094-142345-0001_ar_epoch-40pt_nar_checkpoint-100000pt_2023_08_15_01_25_58_0.wav,2.298236608505249,NISQA_TTS_v1
prompt_2300-131720-0006_gt_2094-142345-0021_ar_epoch-40pt_nar_checkpoint-100000pt_2023_08_15_01_25_58_0.wav,3.444181203842163,NISQA_TTS_v1
prompt_2300-131720-0006_gt_2094-142345-0024_ar_epoch-40pt_nar_checkpoint-100000pt_2023_08_15_01_25_58_0.wav,2.2743678092956543,NISQA_TTS_v1
prompt_2300-131720-0006_gt_2094-142345-0058_ar_epoch-40pt_nar_checkpoint-100000pt_2023_08_15_01_25_58_0.wav,3.17419171333313,NISQA_TTS_v1
prompt_2300-131720-0006_gt_2300-131720-0000_ar_epoch-40pt_nar_checkpoint-100000pt_2023_08_15_01_25_58_0.wav,2.5750153064727783,NISQA_TTS_v1
prompt_2300-131720-0006_gt_2300-131720-0009_ar_epoch-40pt_nar_checkpoint-100000pt_2023_08_15_01_25_58_0.wav,2.5614426136016846,NISQA_TTS_v1
prompt_2300-131720-0006_gt_2300-131720-0015_ar_epoch-40pt_nar_checkpoint-100000pt_2023_08_15_01_25_58_0.wav,4.0063018798828125,NISQA_TTS_v1
prompt_2300-131720-0006_gt_2300-131720-0027_ar_epoch-40pt_nar_checkpoint-100000pt_2023_08_15_01_25_58_0.wav,2.7807252407073975,NISQA_TTS_v1
prompt_2300-131720-0006_gt_260-123288-0001_ar_epoch-40pt_nar_checkpoint-100000pt_2023_08_15_01_25_58_0.wav,3.8662893772125244,NISQA_TTS_v1
prompt_2300-131720-0006_gt_260-123288-0002_ar_epoch-40pt_nar_checkpoint-100000pt_2023_08_15_01_25_58_0.wav,2.2056050300598145,NISQA_TTS_v1
prompt_2300-131720-0006_gt_260-123288-0006_ar_epoch-40pt_nar_checkpoint-100000pt_2023_08_15_01_25_58_0.wav,2.9292712211608887,NISQA_TTS_v1
prompt_2300-131720-0006_gt_260-123288-0011_ar_epoch-40pt_nar_checkpoint-100000pt_2023_08_15_01_25_58_0.wav,2.903963804244995,NISQA_TTS_v1
prompt_2300-131720-0006_gt_3575-170457-0000_ar_epoch-40pt_nar_checkpoint-100000pt_2023_08_15_01_25_58_0.wav,3.7806146144866943,NISQA_TTS_v1
prompt_2300-131720-0006_gt_3575-170457-0005_ar_epoch-40pt_nar_checkpoint-100000pt_2023_08_15_01_25_58_0.wav,3.099785089492798,NISQA_TTS_v1
prompt_2300-131720-0006_gt_3575-170457-0022_ar_epoch-40pt_nar_checkpoint-100000pt_2023_08_15_01_25_58_0.wav,2.8826935291290283,NISQA_TTS_v1
prompt_2300-131720-0006_gt_3575-170457-0050_ar_epoch-40pt_nar_checkpoint-100000pt_2023_08_15_01_25_58_0.wav,3.6692473888397217,NISQA_TTS_v1
prompt_2300-131720-0006_gt_5105-28240-0004_ar_epoch-40pt_nar_checkpoint-100000pt_2023_08_15_01_25_58_0.wav,3.072507381439209,NISQA_TTS_v1
prompt_2300-131720-0006_gt_5105-28240-0005_ar_epoch-40pt_nar_checkpoint-100000pt_2023_08_15_01_25_58_0.wav,2.940221071243286,NISQA_TTS_v1
prompt_2300-131720-0006_gt_5105-28240-0016_ar_epoch-40pt_nar_checkpoint-100000pt_2023_08_15_01_25_58_0.wav,3.949993371963501,NISQA_TTS_v1
prompt_2300-131720-0006_gt_5105-28240-0019_ar_epoch-40pt_nar_checkpoint-100000pt_2023_08_15_01_25_58_0.wav,2.893791913986206,NISQA_TTS_v1
prompt_2300-131720-0006_gt_7021-85628-0008_ar_epoch-40pt_nar_checkpoint-100000pt_2023_08_15_01_25_58_0.wav,3.3333308696746826,NISQA_TTS_v1
prompt_2300-131720-0006_gt_7021-85628-0009_ar_epoch-40pt_nar_checkpoint-100000pt_2023_08_15_01_25_58_0.wav,2.789452314376831,NISQA_TTS_v1
prompt_2300-131720-0006_gt_7021-85628-0010_ar_epoch-40pt_nar_checkpoint-100000pt_2023_08_15_01_25_58_0.wav,2.455453395843506,NISQA_TTS_v1
prompt_2300-131720-0006_gt_7021-85628-0011_ar_epoch-40pt_nar_checkpoint-100000pt_2023_08_15_01_25_58_0.wav,3.0279035568237305,NISQA_TTS_v1
prompt_2300-131720-0006_gt_7729-102255-0005_ar_epoch-40pt_nar_checkpoint-100000pt_2023_08_15_01_25_58_0.wav,3.7852375507354736,NISQA_TTS_v1
prompt_2300-131720-0006_gt_7729-102255-0019_ar_epoch-40pt_nar_checkpoint-100000pt_2023_08_15_01_25_58_0.wav,2.650860548019409,NISQA_TTS_v1
prompt_2300-131720-0006_gt_7729-102255-0021_ar_epoch-40pt_nar_checkpoint-100000pt_2023_08_15_01_25_58_0.wav,2.765272617340088,NISQA_TTS_v1
prompt_2300-131720-0006_gt_7729-102255-0036_ar_epoch-40pt_nar_checkpoint-100000pt_2023_08_15_01_25_58_0.wav,2.5547525882720947,NISQA_TTS_v1
prompt_260-123288-0001_gt_1221-135766-0002_ar_epoch-40pt_nar_checkpoint-100000pt_2023_08_15_01_25_58_0.wav,4.673013210296631,NISQA_TTS_v1
prompt_260-123288-0001_gt_1221-135766-0004_ar_epoch-40pt_nar_checkpoint-100000pt_2023_08_15_01_25_58_0.wav,4.381474494934082,NISQA_TTS_v1
prompt_260-123288-0001_gt_1221-135766-0007_ar_epoch-40pt_nar_checkpoint-100000pt_2023_08_15_01_25_58_0.wav,2.1446268558502197,NISQA_TTS_v1
prompt_260-123288-0001_gt_1221-135766-0014_ar_epoch-40pt_nar_checkpoint-100000pt_2023_08_15_01_25_58_0.wav,4.603075981140137,NISQA_TTS_v1
prompt_260-123288-0001_gt_1320-122612-0004_ar_epoch-40pt_nar_checkpoint-100000pt_2023_08_15_01_25_58_0.wav,3.418785810470581,NISQA_TTS_v1
prompt_260-123288-0001_gt_1320-122612-0005_ar_epoch-40pt_nar_checkpoint-100000pt_2023_08_15_01_25_58_0.wav,3.5139551162719727,NISQA_TTS_v1
prompt_260-123288-0001_gt_1320-122612-0007_ar_epoch-40pt_nar_checkpoint-100000pt_2023_08_15_01_25_58_0.wav,2.299292802810669,NISQA_TTS_v1
prompt_260-123288-0001_gt_1320-122612-0008_ar_epoch-40pt_nar_checkpoint-100000pt_2023_08_15_01_25_58_0.wav,3.6143977642059326,NISQA_TTS_v1
prompt_260-123288-0001_gt_1580-141084-0034_ar_epoch-40pt_nar_checkpoint-100000pt_2023_08_15_01_25_58_0.wav,4.30157470703125,NISQA_TTS_v1
prompt_260-123288-0001_gt_1580-141084-0040_ar_epoch-40pt_nar_checkpoint-100000pt_2023_08_15_01_25_58_0.wav,2.4826290607452393,NISQA_TTS_v1
prompt_260-123288-0001_gt_1580-141084-0047_ar_epoch-40pt_nar_checkpoint-100000pt_2023_08_15_01_25_58_0.wav,2.5271871089935303,NISQA_TTS_v1
prompt_260-123288-0001_gt_1580-141084-0048_ar_epoch-40pt_nar_checkpoint-100000pt_2023_08_15_01_25_58_0.wav,4.065882205963135,NISQA_TTS_v1
prompt_260-123288-0001_gt_2094-142345-0001_ar_epoch-40pt_nar_checkpoint-100000pt_2023_08_15_01_25_58_0.wav,4.391113758087158,NISQA_TTS_v1
prompt_260-123288-0001_gt_2094-142345-0021_ar_epoch-40pt_nar_checkpoint-100000pt_2023_08_15_01_25_58_0.wav,4.350359916687012,NISQA_TTS_v1
prompt_260-123288-0001_gt_2094-142345-0024_ar_epoch-40pt_nar_checkpoint-100000pt_2023_08_15_01_25_58_0.wav,4.076030254364014,NISQA_TTS_v1
prompt_260-123288-0001_gt_2094-142345-0058_ar_epoch-40pt_nar_checkpoint-100000pt_2023_08_15_01_25_58_0.wav,4.6462836265563965,NISQA_TTS_v1
prompt_260-123288-0001_gt_2300-131720-0000_ar_epoch-40pt_nar_checkpoint-100000pt_2023_08_15_01_25_58_0.wav,3.4358913898468018,NISQA_TTS_v1
prompt_260-123288-0001_gt_2300-131720-0009_ar_epoch-40pt_nar_checkpoint-100000pt_2023_08_15_01_25_58_0.wav,2.8944075107574463,NISQA_TTS_v1
prompt_260-123288-0001_gt_2300-131720-0015_ar_epoch-40pt_nar_checkpoint-100000pt_2023_08_15_01_25_58_0.wav,4.02700138092041,NISQA_TTS_v1
prompt_260-123288-0001_gt_2300-131720-0027_ar_epoch-40pt_nar_checkpoint-100000pt_2023_08_15_01_25_58_0.wav,3.043604612350464,NISQA_TTS_v1
prompt_260-123288-0001_gt_260-123288-0001_ar_epoch-40pt_nar_checkpoint-100000pt_2023_08_15_01_25_58_0.wav,3.7813515663146973,NISQA_TTS_v1
prompt_260-123288-0001_gt_260-123288-0002_ar_epoch-40pt_nar_checkpoint-100000pt_2023_08_15_01_25_58_0.wav,2.6283152103424072,NISQA_TTS_v1
prompt_260-123288-0001_gt_260-123288-0006_ar_epoch-40pt_nar_checkpoint-100000pt_2023_08_15_01_25_58_0.wav,3.618591547012329,NISQA_TTS_v1
prompt_260-123288-0001_gt_260-123288-0011_ar_epoch-40pt_nar_checkpoint-100000pt_2023_08_15_01_25_58_0.wav,2.468806266784668,NISQA_TTS_v1
prompt_260-123288-0001_gt_3575-170457-0000_ar_epoch-40pt_nar_checkpoint-100000pt_2023_08_15_01_25_58_0.wav,2.6855695247650146,NISQA_TTS_v1
prompt_260-123288-0001_gt_3575-170457-0005_ar_epoch-40pt_nar_checkpoint-100000pt_2023_08_15_01_25_58_0.wav,4.044848442077637,NISQA_TTS_v1
prompt_260-123288-0001_gt_3575-170457-0022_ar_epoch-40pt_nar_checkpoint-100000pt_2023_08_15_01_25_58_0.wav,4.51924991607666,NISQA_TTS_v1
prompt_260-123288-0001_gt_3575-170457-0050_ar_epoch-40pt_nar_checkpoint-100000pt_2023_08_15_01_25_58_0.wav,3.5156614780426025,NISQA_TTS_v1
prompt_260-123288-0001_gt_5105-28240-0004_ar_epoch-40pt_nar_checkpoint-100000pt_2023_08_15_01_25_58_0.wav,3.7279021739959717,NISQA_TTS_v1
prompt_260-123288-0001_gt_5105-28240-0005_ar_epoch-40pt_nar_checkpoint-100000pt_2023_08_15_01_25_58_0.wav,3.7570714950561523,NISQA_TTS_v1
prompt_260-123288-0001_gt_5105-28240-0016_ar_epoch-40pt_nar_checkpoint-100000pt_2023_08_15_01_25_58_0.wav,4.047729969024658,NISQA_TTS_v1
prompt_260-123288-0001_gt_5105-28240-0019_ar_epoch-40pt_nar_checkpoint-100000pt_2023_08_15_01_25_58_0.wav,2.746124744415283,NISQA_TTS_v1
prompt_260-123288-0001_gt_7021-85628-0008_ar_epoch-40pt_nar_checkpoint-100000pt_2023_08_15_01_25_58_0.wav,3.8841092586517334,NISQA_TTS_v1
prompt_260-123288-0001_gt_7021-85628-0009_ar_epoch-40pt_nar_checkpoint-100000pt_2023_08_15_01_25_58_0.wav,4.414808750152588,NISQA_TTS_v1
prompt_260-123288-0001_gt_7021-85628-0010_ar_epoch-40pt_nar_checkpoint-100000pt_2023_08_15_01_25_58_0.wav,3.3502025604248047,NISQA_TTS_v1
prompt_260-123288-0001_gt_7021-85628-0011_ar_epoch-40pt_nar_checkpoint-100000pt_2023_08_15_01_25_58_0.wav,3.5232040882110596,NISQA_TTS_v1
prompt_260-123288-0001_gt_7729-102255-0005_ar_epoch-40pt_nar_checkpoint-100000pt_2023_08_15_01_25_58_0.wav,4.352044582366943,NISQA_TTS_v1
prompt_260-123288-0001_gt_7729-102255-0019_ar_epoch-40pt_nar_checkpoint-100000pt_2023_08_15_01_25_58_0.wav,2.346193790435791,NISQA_TTS_v1
prompt_260-123288-0001_gt_7729-102255-0021_ar_epoch-40pt_nar_checkpoint-100000pt_2023_08_15_01_25_58_0.wav,3.0966575145721436,NISQA_TTS_v1
prompt_260-123288-0001_gt_7729-102255-0036_ar_epoch-40pt_nar_checkpoint-100000pt_2023_08_15_01_25_58_0.wav,2.3633170127868652,NISQA_TTS_v1
prompt_3575-170457-0022_gt_1221-135766-0002_ar_epoch-40pt_nar_checkpoint-100000pt_2023_08_15_01_25_58_0.wav,3.627222776412964,NISQA_TTS_v1
prompt_3575-170457-0022_gt_1221-135766-0004_ar_epoch-40pt_nar_checkpoint-100000pt_2023_08_15_01_25_58_0.wav,4.1594624519348145,NISQA_TTS_v1
prompt_3575-170457-0022_gt_1221-135766-0007_ar_epoch-40pt_nar_checkpoint-100000pt_2023_08_15_01_25_58_0.wav,3.1868832111358643,NISQA_TTS_v1
prompt_3575-170457-0022_gt_1221-135766-0014_ar_epoch-40pt_nar_checkpoint-100000pt_2023_08_15_01_25_58_0.wav,3.501556158065796,NISQA_TTS_v1
prompt_3575-170457-0022_gt_1320-122612-0004_ar_epoch-40pt_nar_checkpoint-100000pt_2023_08_15_01_25_58_0.wav,3.8558602333068848,NISQA_TTS_v1
prompt_3575-170457-0022_gt_1320-122612-0005_ar_epoch-40pt_nar_checkpoint-100000pt_2023_08_15_01_25_58_0.wav,3.9179670810699463,NISQA_TTS_v1
prompt_3575-170457-0022_gt_1320-122612-0007_ar_epoch-40pt_nar_checkpoint-100000pt_2023_08_15_01_25_58_0.wav,3.596343517303467,NISQA_TTS_v1
prompt_3575-170457-0022_gt_1320-122612-0008_ar_epoch-40pt_nar_checkpoint-100000pt_2023_08_15_01_25_58_0.wav,3.6225669384002686,NISQA_TTS_v1
prompt_3575-170457-0022_gt_1580-141084-0034_ar_epoch-40pt_nar_checkpoint-100000pt_2023_08_15_01_25_58_0.wav,3.9731814861297607,NISQA_TTS_v1
prompt_3575-170457-0022_gt_1580-141084-0040_ar_epoch-40pt_nar_checkpoint-100000pt_2023_08_15_01_25_58_0.wav,4.033431529998779,NISQA_TTS_v1
prompt_3575-170457-0022_gt_1580-141084-0047_ar_epoch-40pt_nar_checkpoint-100000pt_2023_08_15_01_25_58_0.wav,2.8320727348327637,NISQA_TTS_v1
prompt_3575-170457-0022_gt_1580-141084-0048_ar_epoch-40pt_nar_checkpoint-100000pt_2023_08_15_01_25_58_0.wav,4.046446800231934,NISQA_TTS_v1
prompt_3575-170457-0022_gt_2094-142345-0001_ar_epoch-40pt_nar_checkpoint-100000pt_2023_08_15_01_25_58_0.wav,4.069043159484863,NISQA_TTS_v1
prompt_3575-170457-0022_gt_2094-142345-0021_ar_epoch-40pt_nar_checkpoint-100000pt_2023_08_15_01_25_58_0.wav,4.253876209259033,NISQA_TTS_v1
prompt_3575-170457-0022_gt_2094-142345-0024_ar_epoch-40pt_nar_checkpoint-100000pt_2023_08_15_01_25_58_0.wav,3.928480386734009,NISQA_TTS_v1
prompt_3575-170457-0022_gt_2094-142345-0058_ar_epoch-40pt_nar_checkpoint-100000pt_2023_08_15_01_25_58_0.wav,4.354040622711182,NISQA_TTS_v1
prompt_3575-170457-0022_gt_2300-131720-0000_ar_epoch-40pt_nar_checkpoint-100000pt_2023_08_15_01_25_58_0.wav,4.075425148010254,NISQA_TTS_v1
prompt_3575-170457-0022_gt_2300-131720-0009_ar_epoch-40pt_nar_checkpoint-100000pt_2023_08_15_01_25_58_0.wav,3.874598503112793,NISQA_TTS_v1
prompt_3575-170457-0022_gt_2300-131720-0015_ar_epoch-40pt_nar_checkpoint-100000pt_2023_08_15_01_25_58_0.wav,4.579957485198975,NISQA_TTS_v1
prompt_3575-170457-0022_gt_2300-131720-0027_ar_epoch-40pt_nar_checkpoint-100000pt_2023_08_15_01_25_58_0.wav,3.794999837875366,NISQA_TTS_v1
prompt_3575-170457-0022_gt_260-123288-0001_ar_epoch-40pt_nar_checkpoint-100000pt_2023_08_15_01_25_58_0.wav,4.427476406097412,NISQA_TTS_v1
prompt_3575-170457-0022_gt_260-123288-0002_ar_epoch-40pt_nar_checkpoint-100000pt_2023_08_15_01_25_58_0.wav,3.8848559856414795,NISQA_TTS_v1
prompt_3575-170457-0022_gt_260-123288-0006_ar_epoch-40pt_nar_checkpoint-100000pt_2023_08_15_01_25_58_0.wav,3.5800540447235107,NISQA_TTS_v1
prompt_3575-170457-0022_gt_260-123288-0011_ar_epoch-40pt_nar_checkpoint-100000pt_2023_08_15_01_25_58_0.wav,3.851145029067993,NISQA_TTS_v1
prompt_3575-170457-0022_gt_3575-170457-0000_ar_epoch-40pt_nar_checkpoint-100000pt_2023_08_15_01_25_58_0.wav,3.873609781265259,NISQA_TTS_v1
prompt_3575-170457-0022_gt_3575-170457-0005_ar_epoch-40pt_nar_checkpoint-100000pt_2023_08_15_01_25_58_0.wav,4.248283863067627,NISQA_TTS_v1
prompt_3575-170457-0022_gt_3575-170457-0022_ar_epoch-40pt_nar_checkpoint-100000pt_2023_08_15_01_25_58_0.wav,3.7068207263946533,NISQA_TTS_v1
prompt_3575-170457-0022_gt_3575-170457-0050_ar_epoch-40pt_nar_checkpoint-100000pt_2023_08_15_01_25_58_0.wav,4.0511651039123535,NISQA_TTS_v1
prompt_3575-170457-0022_gt_5105-28240-0004_ar_epoch-40pt_nar_checkpoint-100000pt_2023_08_15_01_25_58_0.wav,3.548887252807617,NISQA_TTS_v1
prompt_3575-170457-0022_gt_5105-28240-0005_ar_epoch-40pt_nar_checkpoint-100000pt_2023_08_15_01_25_58_0.wav,4.015305042266846,NISQA_TTS_v1
prompt_3575-170457-0022_gt_5105-28240-0016_ar_epoch-40pt_nar_checkpoint-100000pt_2023_08_15_01_25_58_0.wav,4.046512126922607,NISQA_TTS_v1
prompt_3575-170457-0022_gt_5105-28240-0019_ar_epoch-40pt_nar_checkpoint-100000pt_2023_08_15_01_25_58_0.wav,3.617722272872925,NISQA_TTS_v1
prompt_3575-170457-0022_gt_7021-85628-0008_ar_epoch-40pt_nar_checkpoint-100000pt_2023_08_15_01_25_58_0.wav,4.147694110870361,NISQA_TTS_v1
prompt_3575-170457-0022_gt_7021-85628-0009_ar_epoch-40pt_nar_checkpoint-100000pt_2023_08_15_01_25_58_0.wav,3.6637179851531982,NISQA_TTS_v1
prompt_3575-170457-0022_gt_7021-85628-0010_ar_epoch-40pt_nar_checkpoint-100000pt_2023_08_15_01_25_58_0.wav,4.174437046051025,NISQA_TTS_v1
prompt_3575-170457-0022_gt_7021-85628-0011_ar_epoch-40pt_nar_checkpoint-100000pt_2023_08_15_01_25_58_0.wav,3.233388662338257,NISQA_TTS_v1
prompt_3575-170457-0022_gt_7729-102255-0005_ar_epoch-40pt_nar_checkpoint-100000pt_2023_08_15_01_25_58_0.wav,4.308054447174072,NISQA_TTS_v1
prompt_3575-170457-0022_gt_7729-102255-0019_ar_epoch-40pt_nar_checkpoint-100000pt_2023_08_15_01_25_58_0.wav,3.483701467514038,NISQA_TTS_v1
prompt_3575-170457-0022_gt_7729-102255-0021_ar_epoch-40pt_nar_checkpoint-100000pt_2023_08_15_01_25_58_0.wav,4.045295238494873,NISQA_TTS_v1
prompt_3575-170457-0022_gt_7729-102255-0036_ar_epoch-40pt_nar_checkpoint-100000pt_2023_08_15_01_25_58_0.wav,3.8598086833953857,NISQA_TTS_v1
prompt_5105-28240-0005_gt_1221-135766-0002_ar_epoch-40pt_nar_checkpoint-100000pt_2023_08_15_01_25_58_0.wav,3.390209913253784,NISQA_TTS_v1
prompt_5105-28240-0005_gt_1221-135766-0004_ar_epoch-40pt_nar_checkpoint-100000pt_2023_08_15_01_25_58_0.wav,4.42941427230835,NISQA_TTS_v1
prompt_5105-28240-0005_gt_1221-135766-0007_ar_epoch-40pt_nar_checkpoint-100000pt_2023_08_15_01_25_58_0.wav,4.138299465179443,NISQA_TTS_v1
prompt_5105-28240-0005_gt_1221-135766-0014_ar_epoch-40pt_nar_checkpoint-100000pt_2023_08_15_01_25_58_0.wav,4.772816181182861,NISQA_TTS_v1
prompt_5105-28240-0005_gt_1320-122612-0004_ar_epoch-40pt_nar_checkpoint-100000pt_2023_08_15_01_25_58_0.wav,4.577974796295166,NISQA_TTS_v1
prompt_5105-28240-0005_gt_1320-122612-0005_ar_epoch-40pt_nar_checkpoint-100000pt_2023_08_15_01_25_58_0.wav,4.171980381011963,NISQA_TTS_v1
prompt_5105-28240-0005_gt_1320-122612-0007_ar_epoch-40pt_nar_checkpoint-100000pt_2023_08_15_01_25_58_0.wav,2.9049386978149414,NISQA_TTS_v1
prompt_5105-28240-0005_gt_1320-122612-0008_ar_epoch-40pt_nar_checkpoint-100000pt_2023_08_15_01_25_58_0.wav,4.726002216339111,NISQA_TTS_v1
prompt_5105-28240-0005_gt_1580-141084-0034_ar_epoch-40pt_nar_checkpoint-100000pt_2023_08_15_01_25_58_0.wav,4.1217942237854,NISQA_TTS_v1
prompt_5105-28240-0005_gt_1580-141084-0040_ar_epoch-40pt_nar_checkpoint-100000pt_2023_08_15_01_25_58_0.wav,3.9964396953582764,NISQA_TTS_v1
prompt_5105-28240-0005_gt_1580-141084-0047_ar_epoch-40pt_nar_checkpoint-100000pt_2023_08_15_01_25_58_0.wav,4.63358736038208,NISQA_TTS_v1
prompt_5105-28240-0005_gt_1580-141084-0048_ar_epoch-40pt_nar_checkpoint-100000pt_2023_08_15_01_25_58_0.wav,4.149276256561279,NISQA_TTS_v1
prompt_5105-28240-0005_gt_2094-142345-0001_ar_epoch-40pt_nar_checkpoint-100000pt_2023_08_15_01_25_58_0.wav,4.632883071899414,NISQA_TTS_v1
prompt_5105-28240-0005_gt_2094-142345-0021_ar_epoch-40pt_nar_checkpoint-100000pt_2023_08_15_01_25_58_0.wav,4.314816474914551,NISQA_TTS_v1
prompt_5105-28240-0005_gt_2094-142345-0024_ar_epoch-40pt_nar_checkpoint-100000pt_2023_08_15_01_25_58_0.wav,4.0025811195373535,NISQA_TTS_v1
prompt_5105-28240-0005_gt_2094-142345-0058_ar_epoch-40pt_nar_checkpoint-100000pt_2023_08_15_01_25_58_0.wav,4.753995418548584,NISQA_TTS_v1
prompt_5105-28240-0005_gt_2300-131720-0000_ar_epoch-40pt_nar_checkpoint-100000pt_2023_08_15_01_25_58_0.wav,4.342067241668701,NISQA_TTS_v1
prompt_5105-28240-0005_gt_2300-131720-0009_ar_epoch-40pt_nar_checkpoint-100000pt_2023_08_15_01_25_58_0.wav,4.387259006500244,NISQA_TTS_v1
prompt_5105-28240-0005_gt_2300-131720-0015_ar_epoch-40pt_nar_checkpoint-100000pt_2023_08_15_01_25_58_0.wav,4.488053798675537,NISQA_TTS_v1
prompt_5105-28240-0005_gt_2300-131720-0027_ar_epoch-40pt_nar_checkpoint-100000pt_2023_08_15_01_25_58_0.wav,4.349619388580322,NISQA_TTS_v1
prompt_5105-28240-0005_gt_260-123288-0001_ar_epoch-40pt_nar_checkpoint-100000pt_2023_08_15_01_25_58_0.wav,2.0735127925872803,NISQA_TTS_v1
prompt_5105-28240-0005_gt_260-123288-0002_ar_epoch-40pt_nar_checkpoint-100000pt_2023_08_15_01_25_58_0.wav,4.335302829742432,NISQA_TTS_v1
prompt_5105-28240-0005_gt_260-123288-0006_ar_epoch-40pt_nar_checkpoint-100000pt_2023_08_15_01_25_58_0.wav,3.5100104808807373,NISQA_TTS_v1
prompt_5105-28240-0005_gt_260-123288-0011_ar_epoch-40pt_nar_checkpoint-100000pt_2023_08_15_01_25_58_0.wav,4.5137200355529785,NISQA_TTS_v1
prompt_5105-28240-0005_gt_3575-170457-0000_ar_epoch-40pt_nar_checkpoint-100000pt_2023_08_15_01_25_58_0.wav,4.638052940368652,NISQA_TTS_v1
prompt_5105-28240-0005_gt_3575-170457-0005_ar_epoch-40pt_nar_checkpoint-100000pt_2023_08_15_01_25_58_0.wav,4.483458995819092,NISQA_TTS_v1
prompt_5105-28240-0005_gt_3575-170457-0022_ar_epoch-40pt_nar_checkpoint-100000pt_2023_08_15_01_25_58_0.wav,4.585394859313965,NISQA_TTS_v1
prompt_5105-28240-0005_gt_3575-170457-0050_ar_epoch-40pt_nar_checkpoint-100000pt_2023_08_15_01_25_58_0.wav,4.606987476348877,NISQA_TTS_v1
prompt_5105-28240-0005_gt_5105-28240-0004_ar_epoch-40pt_nar_checkpoint-100000pt_2023_08_15_01_25_58_0.wav,3.916332483291626,NISQA_TTS_v1
prompt_5105-28240-0005_gt_5105-28240-0005_ar_epoch-40pt_nar_checkpoint-100000pt_2023_08_15_01_25_58_0.wav,4.485785961151123,NISQA_TTS_v1
prompt_5105-28240-0005_gt_5105-28240-0016_ar_epoch-40pt_nar_checkpoint-100000pt_2023_08_15_01_25_58_0.wav,4.649521350860596,NISQA_TTS_v1
prompt_5105-28240-0005_gt_5105-28240-0019_ar_epoch-40pt_nar_checkpoint-100000pt_2023_08_15_01_25_58_0.wav,3.5179989337921143,NISQA_TTS_v1
prompt_5105-28240-0005_gt_7021-85628-0008_ar_epoch-40pt_nar_checkpoint-100000pt_2023_08_15_01_25_58_0.wav,4.106438159942627,NISQA_TTS_v1
prompt_5105-28240-0005_gt_7021-85628-0009_ar_epoch-40pt_nar_checkpoint-100000pt_2023_08_15_01_25_58_0.wav,4.21618127822876,NISQA_TTS_v1
prompt_5105-28240-0005_gt_7021-85628-0010_ar_epoch-40pt_nar_checkpoint-100000pt_2023_08_15_01_25_58_0.wav,4.495473861694336,NISQA_TTS_v1
prompt_5105-28240-0005_gt_7021-85628-0011_ar_epoch-40pt_nar_checkpoint-100000pt_2023_08_15_01_25_58_0.wav,4.740206241607666,NISQA_TTS_v1
prompt_5105-28240-0005_gt_7729-102255-0005_ar_epoch-40pt_nar_checkpoint-100000pt_2023_08_15_01_25_58_0.wav,4.125657558441162,NISQA_TTS_v1
prompt_5105-28240-0005_gt_7729-102255-0019_ar_epoch-40pt_nar_checkpoint-100000pt_2023_08_15_01_25_58_0.wav,3.3236467838287354,NISQA_TTS_v1
prompt_5105-28240-0005_gt_7729-102255-0021_ar_epoch-40pt_nar_checkpoint-100000pt_2023_08_15_01_25_58_0.wav,4.287225723266602,NISQA_TTS_v1
prompt_5105-28240-0005_gt_7729-102255-0036_ar_epoch-40pt_nar_checkpoint-100000pt_2023_08_15_01_25_58_0.wav,3.9184587001800537,NISQA_TTS_v1
prompt_7021-85628-0018_gt_1221-135766-0002_ar_epoch-40pt_nar_checkpoint-100000pt_2023_08_15_01_25_58_0.wav,3.8779115676879883,NISQA_TTS_v1
prompt_7021-85628-0018_gt_1221-135766-0004_ar_epoch-40pt_nar_checkpoint-100000pt_2023_08_15_01_25_58_0.wav,3.193490982055664,NISQA_TTS_v1
prompt_7021-85628-0018_gt_1221-135766-0007_ar_epoch-40pt_nar_checkpoint-100000pt_2023_08_15_01_25_58_0.wav,3.082458972930908,NISQA_TTS_v1
prompt_7021-85628-0018_gt_1221-135766-0014_ar_epoch-40pt_nar_checkpoint-100000pt_2023_08_15_01_25_58_0.wav,4.216930866241455,NISQA_TTS_v1
prompt_7021-85628-0018_gt_1320-122612-0004_ar_epoch-40pt_nar_checkpoint-100000pt_2023_08_15_01_25_58_0.wav,3.919431447982788,NISQA_TTS_v1
prompt_7021-85628-0018_gt_1320-122612-0005_ar_epoch-40pt_nar_checkpoint-100000pt_2023_08_15_01_25_58_0.wav,3.740142345428467,NISQA_TTS_v1
prompt_7021-85628-0018_gt_1320-122612-0007_ar_epoch-40pt_nar_checkpoint-100000pt_2023_08_15_01_25_58_0.wav,3.770113229751587,NISQA_TTS_v1
prompt_7021-85628-0018_gt_1320-122612-0008_ar_epoch-40pt_nar_checkpoint-100000pt_2023_08_15_01_25_58_0.wav,3.7703728675842285,NISQA_TTS_v1
prompt_7021-85628-0018_gt_1580-141084-0034_ar_epoch-40pt_nar_checkpoint-100000pt_2023_08_15_01_25_58_0.wav,3.038390874862671,NISQA_TTS_v1
prompt_7021-85628-0018_gt_1580-141084-0040_ar_epoch-40pt_nar_checkpoint-100000pt_2023_08_15_01_25_58_0.wav,4.065225124359131,NISQA_TTS_v1
prompt_7021-85628-0018_gt_1580-141084-0047_ar_epoch-40pt_nar_checkpoint-100000pt_2023_08_15_01_25_58_0.wav,2.717120885848999,NISQA_TTS_v1
prompt_7021-85628-0018_gt_1580-141084-0048_ar_epoch-40pt_nar_checkpoint-100000pt_2023_08_15_01_25_58_0.wav,3.832867383956909,NISQA_TTS_v1
prompt_7021-85628-0018_gt_2094-142345-0001_ar_epoch-40pt_nar_checkpoint-100000pt_2023_08_15_01_25_58_0.wav,3.9216573238372803,NISQA_TTS_v1
prompt_7021-85628-0018_gt_2094-142345-0021_ar_epoch-40pt_nar_checkpoint-100000pt_2023_08_15_01_25_58_0.wav,4.0400590896606445,NISQA_TTS_v1
prompt_7021-85628-0018_gt_2094-142345-0024_ar_epoch-40pt_nar_checkpoint-100000pt_2023_08_15_01_25_58_0.wav,4.329230785369873,NISQA_TTS_v1
prompt_7021-85628-0018_gt_2094-142345-0058_ar_epoch-40pt_nar_checkpoint-100000pt_2023_08_15_01_25_58_0.wav,4.613620281219482,NISQA_TTS_v1
prompt_7021-85628-0018_gt_2300-131720-0000_ar_epoch-40pt_nar_checkpoint-100000pt_2023_08_15_01_25_58_0.wav,4.416016101837158,NISQA_TTS_v1
prompt_7021-85628-0018_gt_2300-131720-0009_ar_epoch-40pt_nar_checkpoint-100000pt_2023_08_15_01_25_58_0.wav,4.041658878326416,NISQA_TTS_v1
prompt_7021-85628-0018_gt_2300-131720-0015_ar_epoch-40pt_nar_checkpoint-100000pt_2023_08_15_01_25_58_0.wav,4.43784761428833,NISQA_TTS_v1
prompt_7021-85628-0018_gt_2300-131720-0027_ar_epoch-40pt_nar_checkpoint-100000pt_2023_08_15_01_25_58_0.wav,4.355508327484131,NISQA_TTS_v1
prompt_7021-85628-0018_gt_260-123288-0001_ar_epoch-40pt_nar_checkpoint-100000pt_2023_08_15_01_25_58_0.wav,4.333434581756592,NISQA_TTS_v1
prompt_7021-85628-0018_gt_260-123288-0002_ar_epoch-40pt_nar_checkpoint-100000pt_2023_08_15_01_25_58_0.wav,3.3033218383789062,NISQA_TTS_v1
prompt_7021-85628-0018_gt_260-123288-0006_ar_epoch-40pt_nar_checkpoint-100000pt_2023_08_15_01_25_58_0.wav,3.811739683151245,NISQA_TTS_v1
prompt_7021-85628-0018_gt_260-123288-0011_ar_epoch-40pt_nar_checkpoint-100000pt_2023_08_15_01_25_58_0.wav,4.272732257843018,NISQA_TTS_v1
prompt_7021-85628-0018_gt_3575-170457-0000_ar_epoch-40pt_nar_checkpoint-100000pt_2023_08_15_01_25_58_0.wav,4.216451168060303,NISQA_TTS_v1
prompt_7021-85628-0018_gt_3575-170457-0005_ar_epoch-40pt_nar_checkpoint-100000pt_2023_08_15_01_25_58_0.wav,3.971752405166626,NISQA_TTS_v1
prompt_7021-85628-0018_gt_3575-170457-0022_ar_epoch-40pt_nar_checkpoint-100000pt_2023_08_15_01_25_58_0.wav,3.9290316104888916,NISQA_TTS_v1
prompt_7021-85628-0018_gt_3575-170457-0050_ar_epoch-40pt_nar_checkpoint-100000pt_2023_08_15_01_25_58_0.wav,4.300745487213135,NISQA_TTS_v1
prompt_7021-85628-0018_gt_5105-28240-0004_ar_epoch-40pt_nar_checkpoint-100000pt_2023_08_15_01_25_58_0.wav,3.9653050899505615,NISQA_TTS_v1
prompt_7021-85628-0018_gt_5105-28240-0005_ar_epoch-40pt_nar_checkpoint-100000pt_2023_08_15_01_25_58_0.wav,4.1374831199646,NISQA_TTS_v1
prompt_7021-85628-0018_gt_5105-28240-0016_ar_epoch-40pt_nar_checkpoint-100000pt_2023_08_15_01_25_58_0.wav,4.1291890144348145,NISQA_TTS_v1
prompt_7021-85628-0018_gt_5105-28240-0019_ar_epoch-40pt_nar_checkpoint-100000pt_2023_08_15_01_25_58_0.wav,2.995465040206909,NISQA_TTS_v1
prompt_7021-85628-0018_gt_7021-85628-0008_ar_epoch-40pt_nar_checkpoint-100000pt_2023_08_15_01_25_58_0.wav,4.06020450592041,NISQA_TTS_v1
prompt_7021-85628-0018_gt_7021-85628-0009_ar_epoch-40pt_nar_checkpoint-100000pt_2023_08_15_01_25_58_0.wav,3.469294309616089,NISQA_TTS_v1
prompt_7021-85628-0018_gt_7021-85628-0010_ar_epoch-40pt_nar_checkpoint-100000pt_2023_08_15_01_25_58_0.wav,2.8824098110198975,NISQA_TTS_v1
prompt_7021-85628-0018_gt_7021-85628-0011_ar_epoch-40pt_nar_checkpoint-100000pt_2023_08_15_01_25_58_0.wav,3.5930514335632324,NISQA_TTS_v1
prompt_7021-85628-0018_gt_7729-102255-0005_ar_epoch-40pt_nar_checkpoint-100000pt_2023_08_15_01_25_58_0.wav,4.159444332122803,NISQA_TTS_v1
prompt_7021-85628-0018_gt_7729-102255-0019_ar_epoch-40pt_nar_checkpoint-100000pt_2023_08_15_01_25_58_0.wav,2.281982183456421,NISQA_TTS_v1
prompt_7021-85628-0018_gt_7729-102255-0021_ar_epoch-40pt_nar_checkpoint-100000pt_2023_08_15_01_25_58_0.wav,3.284632921218872,NISQA_TTS_v1
prompt_7021-85628-0018_gt_7729-102255-0036_ar_epoch-40pt_nar_checkpoint-100000pt_2023_08_15_01_25_58_0.wav,4.202589511871338,NISQA_TTS_v1
prompt_7729-102255-0010_gt_1221-135766-0002_ar_epoch-40pt_nar_checkpoint-100000pt_2023_08_15_01_25_58_0.wav,2.0640909671783447,NISQA_TTS_v1
prompt_7729-102255-0010_gt_1221-135766-0004_ar_epoch-40pt_nar_checkpoint-100000pt_2023_08_15_01_25_58_0.wav,2.5497586727142334,NISQA_TTS_v1
prompt_7729-102255-0010_gt_1221-135766-0007_ar_epoch-40pt_nar_checkpoint-100000pt_2023_08_15_01_25_58_0.wav,2.858182191848755,NISQA_TTS_v1
prompt_7729-102255-0010_gt_1221-135766-0014_ar_epoch-40pt_nar_checkpoint-100000pt_2023_08_15_01_25_58_0.wav,2.9167640209198,NISQA_TTS_v1
prompt_7729-102255-0010_gt_1320-122612-0004_ar_epoch-40pt_nar_checkpoint-100000pt_2023_08_15_01_25_58_0.wav,3.0129406452178955,NISQA_TTS_v1
prompt_7729-102255-0010_gt_1320-122612-0005_ar_epoch-40pt_nar_checkpoint-100000pt_2023_08_15_01_25_58_0.wav,3.2768192291259766,NISQA_TTS_v1
prompt_7729-102255-0010_gt_1320-122612-0007_ar_epoch-40pt_nar_checkpoint-100000pt_2023_08_15_01_25_58_0.wav,3.3827710151672363,NISQA_TTS_v1
prompt_7729-102255-0010_gt_1320-122612-0008_ar_epoch-40pt_nar_checkpoint-100000pt_2023_08_15_01_25_58_0.wav,2.9945929050445557,NISQA_TTS_v1
prompt_7729-102255-0010_gt_1580-141084-0034_ar_epoch-40pt_nar_checkpoint-100000pt_2023_08_15_01_25_58_0.wav,3.447918653488159,NISQA_TTS_v1
prompt_7729-102255-0010_gt_1580-141084-0040_ar_epoch-40pt_nar_checkpoint-100000pt_2023_08_15_01_25_58_0.wav,2.5970957279205322,NISQA_TTS_v1
prompt_7729-102255-0010_gt_1580-141084-0047_ar_epoch-40pt_nar_checkpoint-100000pt_2023_08_15_01_25_58_0.wav,3.225796937942505,NISQA_TTS_v1
prompt_7729-102255-0010_gt_1580-141084-0048_ar_epoch-40pt_nar_checkpoint-100000pt_2023_08_15_01_25_58_0.wav,2.191897392272949,NISQA_TTS_v1
prompt_7729-102255-0010_gt_2094-142345-0001_ar_epoch-40pt_nar_checkpoint-100000pt_2023_08_15_01_25_58_0.wav,3.491266965866089,NISQA_TTS_v1
prompt_7729-102255-0010_gt_2094-142345-0021_ar_epoch-40pt_nar_checkpoint-100000pt_2023_08_15_01_25_58_0.wav,3.325188159942627,NISQA_TTS_v1
prompt_7729-102255-0010_gt_2094-142345-0024_ar_epoch-40pt_nar_checkpoint-100000pt_2023_08_15_01_25_58_0.wav,2.8708608150482178,NISQA_TTS_v1
prompt_7729-102255-0010_gt_2094-142345-0058_ar_epoch-40pt_nar_checkpoint-100000pt_2023_08_15_01_25_58_0.wav,4.0113396644592285,NISQA_TTS_v1
prompt_7729-102255-0010_gt_2300-131720-0000_ar_epoch-40pt_nar_checkpoint-100000pt_2023_08_15_01_25_58_0.wav,2.0337276458740234,NISQA_TTS_v1
prompt_7729-102255-0010_gt_2300-131720-0009_ar_epoch-40pt_nar_checkpoint-100000pt_2023_08_15_01_25_58_0.wav,2.748894214630127,NISQA_TTS_v1
prompt_7729-102255-0010_gt_2300-131720-0015_ar_epoch-40pt_nar_checkpoint-100000pt_2023_08_15_01_25_58_0.wav,2.6822917461395264,NISQA_TTS_v1
prompt_7729-102255-0010_gt_2300-131720-0027_ar_epoch-40pt_nar_checkpoint-100000pt_2023_08_15_01_25_58_0.wav,2.6170144081115723,NISQA_TTS_v1
prompt_7729-102255-0010_gt_260-123288-0001_ar_epoch-40pt_nar_checkpoint-100000pt_2023_08_15_01_25_58_0.wav,3.9259352684020996,NISQA_TTS_v1
prompt_7729-102255-0010_gt_260-123288-0002_ar_epoch-40pt_nar_checkpoint-100000pt_2023_08_15_01_25_58_0.wav,2.678251266479492,NISQA_TTS_v1
prompt_7729-102255-0010_gt_260-123288-0006_ar_epoch-40pt_nar_checkpoint-100000pt_2023_08_15_01_25_58_0.wav,2.632220506668091,NISQA_TTS_v1
prompt_7729-102255-0010_gt_260-123288-0011_ar_epoch-40pt_nar_checkpoint-100000pt_2023_08_15_01_25_58_0.wav,2.3528709411621094,NISQA_TTS_v1
prompt_7729-102255-0010_gt_3575-170457-0000_ar_epoch-40pt_nar_checkpoint-100000pt_2023_08_15_01_25_58_0.wav,4.020890712738037,NISQA_TTS_v1
prompt_7729-102255-0010_gt_3575-170457-0005_ar_epoch-40pt_nar_checkpoint-100000pt_2023_08_15_01_25_58_0.wav,3.093749761581421,NISQA_TTS_v1
prompt_7729-102255-0010_gt_3575-170457-0022_ar_epoch-40pt_nar_checkpoint-100000pt_2023_08_15_01_25_58_0.wav,2.2291345596313477,NISQA_TTS_v1
prompt_7729-102255-0010_gt_3575-170457-0050_ar_epoch-40pt_nar_checkpoint-100000pt_2023_08_15_01_25_58_0.wav,3.8645193576812744,NISQA_TTS_v1
prompt_7729-102255-0010_gt_5105-28240-0004_ar_epoch-40pt_nar_checkpoint-100000pt_2023_08_15_01_25_58_0.wav,2.949629306793213,NISQA_TTS_v1
prompt_7729-102255-0010_gt_5105-28240-0005_ar_epoch-40pt_nar_checkpoint-100000pt_2023_08_15_01_25_58_0.wav,2.907548189163208,NISQA_TTS_v1
prompt_7729-102255-0010_gt_5105-28240-0016_ar_epoch-40pt_nar_checkpoint-100000pt_2023_08_15_01_25_58_0.wav,3.6373164653778076,NISQA_TTS_v1
prompt_7729-102255-0010_gt_5105-28240-0019_ar_epoch-40pt_nar_checkpoint-100000pt_2023_08_15_01_25_58_0.wav,3.505596399307251,NISQA_TTS_v1
prompt_7729-102255-0010_gt_7021-85628-0008_ar_epoch-40pt_nar_checkpoint-100000pt_2023_08_15_01_25_58_0.wav,3.2156457901000977,NISQA_TTS_v1
prompt_7729-102255-0010_gt_7021-85628-0009_ar_epoch-40pt_nar_checkpoint-100000pt_2023_08_15_01_25_58_0.wav,3.0345518589019775,NISQA_TTS_v1
prompt_7729-102255-0010_gt_7021-85628-0010_ar_epoch-40pt_nar_checkpoint-100000pt_2023_08_15_01_25_58_0.wav,2.2525625228881836,NISQA_TTS_v1
prompt_7729-102255-0010_gt_7021-85628-0011_ar_epoch-40pt_nar_checkpoint-100000pt_2023_08_15_01_25_58_0.wav,2.4465487003326416,NISQA_TTS_v1
prompt_7729-102255-0010_gt_7729-102255-0005_ar_epoch-40pt_nar_checkpoint-100000pt_2023_08_15_01_25_58_0.wav,3.7364437580108643,NISQA_TTS_v1
prompt_7729-102255-0010_gt_7729-102255-0019_ar_epoch-40pt_nar_checkpoint-100000pt_2023_08_15_01_25_58_0.wav,2.254777669906616,NISQA_TTS_v1
prompt_7729-102255-0010_gt_7729-102255-0021_ar_epoch-40pt_nar_checkpoint-100000pt_2023_08_15_01_25_58_0.wav,3.299220323562622,NISQA_TTS_v1
prompt_7729-102255-0010_gt_7729-102255-0036_ar_epoch-40pt_nar_checkpoint-100000pt_2023_08_15_01_25_58_0.wav,3.6405680179595947,NISQA_TTS_v1
prompt_1221-135766-0014_gt_1221-135766-0002_ar_epoch-40pt_nar_checkpoint-100000pt_2023_08_15_01_25_58_0.wav,2.6246249675750732,NISQA_TTS_v1
