deg,mos_pred,model,average_mos
prompt_2094-142345-0048_gt_7021-85628-0010_ar_epoch-60pt_nar_checkpoint-100000pt_2023_11_02_17_10_30_0.wav,4.231782913208008,NISQA_TTS_v1,3.869910502135754
prompt_1320-122612-0008_gt_7021-85628-0010_ar_epoch-60pt_nar_checkpoint-100000pt_2023_11_02_17_10_30_0.wav,3.533658742904663,NISQA_TTS_v1,3.869910502135754
prompt_3575-170457-0022_gt_2300-131720-0009_ar_epoch-60pt_nar_checkpoint-100000pt_2023_11_02_17_10_30_0.wav,4.094745635986328,NISQA_TTS_v1,3.869910502135754
prompt_3575-170457-0022_gt_7021-85628-0011_ar_epoch-60pt_nar_checkpoint-100000pt_2023_11_02_17_10_30_0.wav,3.878527879714966,NISQA_TTS_v1,3.869910502135754
prompt_2094-142345-0048_gt_7021-85628-0008_ar_epoch-60pt_nar_checkpoint-100000pt_2023_11_02_17_10_30_0.wav,4.3088297843933105,NISQA_TTS_v1,3.869910502135754
prompt_260-123288-0001_gt_1320-122612-0005_ar_epoch-60pt_nar_checkpoint-100000pt_2023_11_02_17_10_30_0.wav,3.4115025997161865,NISQA_TTS_v1,3.869910502135754
prompt_260-123288-0001_gt_2300-131720-0015_ar_epoch-60pt_nar_checkpoint-100000pt_2023_11_02_17_10_30_0.wav,4.410375118255615,NISQA_TTS_v1,3.869910502135754
prompt_260-123288-0001_gt_2300-131720-0027_ar_epoch-60pt_nar_checkpoint-100000pt_2023_11_02_17_10_30_0.wav,3.0441770553588867,NISQA_TTS_v1,3.869910502135754
prompt_2094-142345-0048_gt_2094-142345-0058_ar_epoch-60pt_nar_checkpoint-100000pt_2023_11_02_17_10_30_0.wav,4.396374225616455,NISQA_TTS_v1,3.869910502135754
prompt_5105-28240-0005_gt_7729-102255-0036_ar_epoch-60pt_nar_checkpoint-100000pt_2023_11_02_17_10_30_0.wav,4.831044673919678,NISQA_TTS_v1,3.869910502135754
prompt_1320-122612-0008_gt_7729-102255-0005_ar_epoch-60pt_nar_checkpoint-100000pt_2023_11_02_17_10_30_0.wav,3.758795976638794,NISQA_TTS_v1,3.869910502135754
prompt_260-123288-0001_gt_1320-122612-0007_ar_epoch-60pt_nar_checkpoint-100000pt_2023_11_02_17_10_30_0.wav,3.5598795413970947,NISQA_TTS_v1,3.869910502135754
prompt_1221-135766-0014_gt_3575-170457-0050_ar_epoch-60pt_nar_checkpoint-100000pt_2023_11_02_17_10_30_0.wav,4.544155597686768,NISQA_TTS_v1,3.869910502135754
prompt_7021-85628-0018_gt_7021-85628-0011_ar_epoch-60pt_nar_checkpoint-100000pt_2023_11_02_17_10_30_0.wav,4.480255126953125,NISQA_TTS_v1,3.869910502135754
prompt_2094-142345-0048_gt_3575-170457-0000_ar_epoch-60pt_nar_checkpoint-100000pt_2023_11_02_17_10_30_0.wav,4.8229594230651855,NISQA_TTS_v1,3.869910502135754
prompt_1221-135766-0014_gt_260-123288-0011_ar_epoch-60pt_nar_checkpoint-100000pt_2023_11_02_17_10_30_0.wav,2.5901529788970947,NISQA_TTS_v1,3.869910502135754
prompt_7729-102255-0010_gt_1580-141084-0048_ar_epoch-60pt_nar_checkpoint-100000pt_2023_11_02_17_10_30_0.wav,2.8256161212921143,NISQA_TTS_v1,3.869910502135754
prompt_5105-28240-0005_gt_2300-131720-0009_ar_epoch-60pt_nar_checkpoint-100000pt_2023_11_02_17_10_30_0.wav,4.418819904327393,NISQA_TTS_v1,3.869910502135754
prompt_1320-122612-0008_gt_3575-170457-0022_ar_epoch-60pt_nar_checkpoint-100000pt_2023_11_02_17_10_30_0.wav,4.002318859100342,NISQA_TTS_v1,3.869910502135754
prompt_1580-141084-0009_gt_5105-28240-0005_ar_epoch-60pt_nar_checkpoint-100000pt_2023_11_02_17_10_30_0.wav,4.402612209320068,NISQA_TTS_v1,3.869910502135754
prompt_7729-102255-0010_gt_2094-142345-0024_ar_epoch-60pt_nar_checkpoint-100000pt_2023_11_02_17_10_30_0.wav,3.4687464237213135,NISQA_TTS_v1,3.869910502135754
prompt_2094-142345-0048_gt_260-123288-0011_ar_epoch-60pt_nar_checkpoint-100000pt_2023_11_02_17_10_30_0.wav,4.4447197914123535,NISQA_TTS_v1,3.869910502135754
prompt_2300-131720-0006_gt_1320-122612-0008_ar_epoch-60pt_nar_checkpoint-100000pt_2023_11_02_17_10_30_0.wav,3.524019479751587,NISQA_TTS_v1,3.869910502135754
prompt_7729-102255-0010_gt_1320-122612-0005_ar_epoch-60pt_nar_checkpoint-100000pt_2023_11_02_17_10_30_0.wav,3.3671319484710693,NISQA_TTS_v1,3.869910502135754
prompt_7729-102255-0010_gt_2094-142345-0001_ar_epoch-60pt_nar_checkpoint-100000pt_2023_11_02_17_10_30_0.wav,3.4166183471679688,NISQA_TTS_v1,3.869910502135754
prompt_260-123288-0001_gt_260-123288-0011_ar_epoch-60pt_nar_checkpoint-100000pt_2023_11_02_17_10_30_0.wav,2.6169021129608154,NISQA_TTS_v1,3.869910502135754
prompt_3575-170457-0022_gt_1580-141084-0034_ar_epoch-60pt_nar_checkpoint-100000pt_2023_11_02_17_10_30_0.wav,3.6549606323242188,NISQA_TTS_v1,3.869910502135754
prompt_2094-142345-0048_gt_5105-28240-0005_ar_epoch-60pt_nar_checkpoint-100000pt_2023_11_02_17_10_30_0.wav,4.797834873199463,NISQA_TTS_v1,3.869910502135754
prompt_1221-135766-0014_gt_260-123288-0002_ar_epoch-60pt_nar_checkpoint-100000pt_2023_11_02_17_10_30_0.wav,4.29725980758667,NISQA_TTS_v1,3.869910502135754
prompt_1320-122612-0008_gt_1580-141084-0040_ar_epoch-60pt_nar_checkpoint-100000pt_2023_11_02_17_10_30_0.wav,4.140920162200928,NISQA_TTS_v1,3.869910502135754
prompt_2300-131720-0006_gt_7729-102255-0036_ar_epoch-60pt_nar_checkpoint-100000pt_2023_11_02_17_10_30_0.wav,3.766631841659546,NISQA_TTS_v1,3.869910502135754
prompt_1320-122612-0008_gt_7021-85628-0011_ar_epoch-60pt_nar_checkpoint-100000pt_2023_11_02_17_10_30_0.wav,3.8861682415008545,NISQA_TTS_v1,3.869910502135754
prompt_7729-102255-0010_gt_1320-122612-0008_ar_epoch-60pt_nar_checkpoint-100000pt_2023_11_02_17_10_30_0.wav,3.936602830886841,NISQA_TTS_v1,3.869910502135754
prompt_1580-141084-0009_gt_1221-135766-0007_ar_epoch-60pt_nar_checkpoint-100000pt_2023_11_02_17_10_30_0.wav,4.26054048538208,NISQA_TTS_v1,3.869910502135754
prompt_2300-131720-0006_gt_3575-170457-0000_ar_epoch-60pt_nar_checkpoint-100000pt_2023_11_02_17_10_30_0.wav,3.0966603755950928,NISQA_TTS_v1,3.869910502135754
prompt_5105-28240-0005_gt_3575-170457-0005_ar_epoch-60pt_nar_checkpoint-100000pt_2023_11_02_17_10_30_0.wav,4.2272210121154785,NISQA_TTS_v1,3.869910502135754
prompt_7021-85628-0018_gt_2300-131720-0015_ar_epoch-60pt_nar_checkpoint-100000pt_2023_11_02_17_10_30_0.wav,4.526134490966797,NISQA_TTS_v1,3.869910502135754
prompt_1320-122612-0008_gt_2300-131720-0000_ar_epoch-60pt_nar_checkpoint-100000pt_2023_11_02_17_10_30_0.wav,2.9003779888153076,NISQA_TTS_v1,3.869910502135754
prompt_5105-28240-0005_gt_3575-170457-0022_ar_epoch-60pt_nar_checkpoint-100000pt_2023_11_02_17_10_30_0.wav,4.358758449554443,NISQA_TTS_v1,3.869910502135754
prompt_2094-142345-0048_gt_260-123288-0001_ar_epoch-60pt_nar_checkpoint-100000pt_2023_11_02_17_10_30_0.wav,4.727104663848877,NISQA_TTS_v1,3.869910502135754
prompt_1320-122612-0008_gt_1580-141084-0047_ar_epoch-60pt_nar_checkpoint-100000pt_2023_11_02_17_10_30_0.wav,4.226397514343262,NISQA_TTS_v1,3.869910502135754
prompt_1580-141084-0009_gt_2094-142345-0058_ar_epoch-60pt_nar_checkpoint-100000pt_2023_11_02_17_10_30_0.wav,4.107158660888672,NISQA_TTS_v1,3.869910502135754
prompt_2300-131720-0006_gt_1221-135766-0002_ar_epoch-60pt_nar_checkpoint-100000pt_2023_11_02_17_10_30_0.wav,3.255429744720459,NISQA_TTS_v1,3.869910502135754
prompt_2094-142345-0048_gt_1320-122612-0004_ar_epoch-60pt_nar_checkpoint-100000pt_2023_11_02_17_10_30_0.wav,4.6031060218811035,NISQA_TTS_v1,3.869910502135754
prompt_1320-122612-0008_gt_1221-135766-0002_ar_epoch-60pt_nar_checkpoint-100000pt_2023_11_02_17_10_30_0.wav,3.84743070602417,NISQA_TTS_v1,3.869910502135754
prompt_2094-142345-0048_gt_1580-141084-0034_ar_epoch-60pt_nar_checkpoint-100000pt_2023_11_02_17_10_30_0.wav,3.0828378200531006,NISQA_TTS_v1,3.869910502135754
prompt_260-123288-0001_gt_2300-131720-0000_ar_epoch-60pt_nar_checkpoint-100000pt_2023_11_02_17_10_30_0.wav,4.206283092498779,NISQA_TTS_v1,3.869910502135754
prompt_7729-102255-0010_gt_1221-135766-0002_ar_epoch-60pt_nar_checkpoint-100000pt_2023_11_02_17_10_30_0.wav,2.997697114944458,NISQA_TTS_v1,3.869910502135754
prompt_5105-28240-0005_gt_1580-141084-0048_ar_epoch-60pt_nar_checkpoint-100000pt_2023_11_02_17_10_30_0.wav,4.170683860778809,NISQA_TTS_v1,3.869910502135754
prompt_1221-135766-0014_gt_7729-102255-0036_ar_epoch-60pt_nar_checkpoint-100000pt_2023_11_02_17_10_30_0.wav,3.821159839630127,NISQA_TTS_v1,3.869910502135754
prompt_7021-85628-0018_gt_1221-135766-0014_ar_epoch-60pt_nar_checkpoint-100000pt_2023_11_02_17_10_30_0.wav,4.320393085479736,NISQA_TTS_v1,3.869910502135754
prompt_1221-135766-0014_gt_260-123288-0006_ar_epoch-60pt_nar_checkpoint-100000pt_2023_11_02_17_10_30_0.wav,3.035212755203247,NISQA_TTS_v1,3.869910502135754
prompt_7021-85628-0018_gt_1320-122612-0004_ar_epoch-60pt_nar_checkpoint-100000pt_2023_11_02_17_10_30_0.wav,3.9492831230163574,NISQA_TTS_v1,3.869910502135754
prompt_2094-142345-0048_gt_3575-170457-0005_ar_epoch-60pt_nar_checkpoint-100000pt_2023_11_02_17_10_30_0.wav,3.087245225906372,NISQA_TTS_v1,3.869910502135754
prompt_1580-141084-0009_gt_2300-131720-0027_ar_epoch-60pt_nar_checkpoint-100000pt_2023_11_02_17_10_30_0.wav,4.313818454742432,NISQA_TTS_v1,3.869910502135754
prompt_2300-131720-0006_gt_2300-131720-0027_ar_epoch-60pt_nar_checkpoint-100000pt_2023_11_02_17_10_30_0.wav,3.544607639312744,NISQA_TTS_v1,3.869910502135754
prompt_5105-28240-0005_gt_1221-135766-0002_ar_epoch-60pt_nar_checkpoint-100000pt_2023_11_02_17_10_30_0.wav,3.8374788761138916,NISQA_TTS_v1,3.869910502135754
prompt_2300-131720-0006_gt_2300-131720-0009_ar_epoch-60pt_nar_checkpoint-100000pt_2023_11_02_17_10_30_0.wav,3.7113804817199707,NISQA_TTS_v1,3.869910502135754
prompt_7021-85628-0018_gt_1580-141084-0034_ar_epoch-60pt_nar_checkpoint-100000pt_2023_11_02_17_10_30_0.wav,4.1539177894592285,NISQA_TTS_v1,3.869910502135754
prompt_1320-122612-0008_gt_3575-170457-0000_ar_epoch-60pt_nar_checkpoint-100000pt_2023_11_02_17_10_30_0.wav,4.38320255279541,NISQA_TTS_v1,3.869910502135754
prompt_260-123288-0001_gt_7021-85628-0010_ar_epoch-60pt_nar_checkpoint-100000pt_2023_11_02_17_10_30_0.wav,3.075624942779541,NISQA_TTS_v1,3.869910502135754
prompt_7021-85628-0018_gt_2300-131720-0000_ar_epoch-60pt_nar_checkpoint-100000pt_2023_11_02_17_10_30_0.wav,4.507167339324951,NISQA_TTS_v1,3.869910502135754
prompt_1320-122612-0008_gt_1221-135766-0014_ar_epoch-60pt_nar_checkpoint-100000pt_2023_11_02_17_10_30_0.wav,4.5226945877075195,NISQA_TTS_v1,3.869910502135754
prompt_7021-85628-0018_gt_260-123288-0002_ar_epoch-60pt_nar_checkpoint-100000pt_2023_11_02_17_10_30_0.wav,4.226349353790283,NISQA_TTS_v1,3.869910502135754
prompt_3575-170457-0022_gt_2300-131720-0027_ar_epoch-60pt_nar_checkpoint-100000pt_2023_11_02_17_10_30_0.wav,3.969644069671631,NISQA_TTS_v1,3.869910502135754
prompt_1320-122612-0008_gt_7729-102255-0019_ar_epoch-60pt_nar_checkpoint-100000pt_2023_11_02_17_10_30_0.wav,4.194233417510986,NISQA_TTS_v1,3.869910502135754
prompt_260-123288-0001_gt_260-123288-0001_ar_epoch-60pt_nar_checkpoint-100000pt_2023_11_02_17_10_30_0.wav,4.432098865509033,NISQA_TTS_v1,3.869910502135754
prompt_1221-135766-0014_gt_1580-141084-0034_ar_epoch-60pt_nar_checkpoint-100000pt_2023_11_02_17_10_30_0.wav,1.9779280424118042,NISQA_TTS_v1,3.869910502135754
prompt_260-123288-0001_gt_5105-28240-0016_ar_epoch-60pt_nar_checkpoint-100000pt_2023_11_02_17_10_30_0.wav,4.223727703094482,NISQA_TTS_v1,3.869910502135754
prompt_7729-102255-0010_gt_5105-28240-0005_ar_epoch-60pt_nar_checkpoint-100000pt_2023_11_02_17_10_30_0.wav,3.4374895095825195,NISQA_TTS_v1,3.869910502135754
prompt_2300-131720-0006_gt_7021-85628-0010_ar_epoch-60pt_nar_checkpoint-100000pt_2023_11_02_17_10_30_0.wav,2.9775540828704834,NISQA_TTS_v1,3.869910502135754
prompt_7021-85628-0018_gt_5105-28240-0019_ar_epoch-60pt_nar_checkpoint-100000pt_2023_11_02_17_10_30_0.wav,2.853929281234741,NISQA_TTS_v1,3.869910502135754
prompt_7729-102255-0010_gt_260-123288-0001_ar_epoch-60pt_nar_checkpoint-100000pt_2023_11_02_17_10_30_0.wav,3.933194637298584,NISQA_TTS_v1,3.869910502135754
prompt_260-123288-0001_gt_3575-170457-0005_ar_epoch-60pt_nar_checkpoint-100000pt_2023_11_02_17_10_30_0.wav,4.124654293060303,NISQA_TTS_v1,3.869910502135754
prompt_1221-135766-0014_gt_2300-131720-0009_ar_epoch-60pt_nar_checkpoint-100000pt_2023_11_02_17_10_30_0.wav,4.270261287689209,NISQA_TTS_v1,3.869910502135754
prompt_1580-141084-0009_gt_2300-131720-0009_ar_epoch-60pt_nar_checkpoint-100000pt_2023_11_02_17_10_30_0.wav,4.361373424530029,NISQA_TTS_v1,3.869910502135754
prompt_2300-131720-0006_gt_3575-170457-0050_ar_epoch-60pt_nar_checkpoint-100000pt_2023_11_02_17_10_30_0.wav,3.2850472927093506,NISQA_TTS_v1,3.869910502135754
prompt_260-123288-0001_gt_2094-142345-0058_ar_epoch-60pt_nar_checkpoint-100000pt_2023_11_02_17_10_30_0.wav,4.594183444976807,NISQA_TTS_v1,3.869910502135754
prompt_2094-142345-0048_gt_1580-141084-0047_ar_epoch-60pt_nar_checkpoint-100000pt_2023_11_02_17_10_30_0.wav,4.3376994132995605,NISQA_TTS_v1,3.869910502135754
prompt_260-123288-0001_gt_1320-122612-0004_ar_epoch-60pt_nar_checkpoint-100000pt_2023_11_02_17_10_30_0.wav,4.583965301513672,NISQA_TTS_v1,3.869910502135754
prompt_260-123288-0001_gt_3575-170457-0050_ar_epoch-60pt_nar_checkpoint-100000pt_2023_11_02_17_10_30_0.wav,4.04153299331665,NISQA_TTS_v1,3.869910502135754
prompt_3575-170457-0022_gt_7729-102255-0021_ar_epoch-60pt_nar_checkpoint-100000pt_2023_11_02_17_10_30_0.wav,4.123985290527344,NISQA_TTS_v1,3.869910502135754
prompt_5105-28240-0005_gt_7729-102255-0019_ar_epoch-60pt_nar_checkpoint-100000pt_2023_11_02_17_10_30_0.wav,3.7615883350372314,NISQA_TTS_v1,3.869910502135754
prompt_7729-102255-0010_gt_2300-131720-0027_ar_epoch-60pt_nar_checkpoint-100000pt_2023_11_02_17_10_30_0.wav,3.3076717853546143,NISQA_TTS_v1,3.869910502135754
prompt_7729-102255-0010_gt_3575-170457-0005_ar_epoch-60pt_nar_checkpoint-100000pt_2023_11_02_17_10_30_0.wav,2.928222417831421,NISQA_TTS_v1,3.869910502135754
prompt_260-123288-0001_gt_1221-135766-0002_ar_epoch-60pt_nar_checkpoint-100000pt_2023_11_02_17_10_30_0.wav,4.27776575088501,NISQA_TTS_v1,3.869910502135754
prompt_1221-135766-0014_gt_5105-28240-0005_ar_epoch-60pt_nar_checkpoint-100000pt_2023_11_02_17_10_30_0.wav,4.338878154754639,NISQA_TTS_v1,3.869910502135754
prompt_1580-141084-0009_gt_2300-131720-0015_ar_epoch-60pt_nar_checkpoint-100000pt_2023_11_02_17_10_30_0.wav,4.709652423858643,NISQA_TTS_v1,3.869910502135754
prompt_7021-85628-0018_gt_7021-85628-0009_ar_epoch-60pt_nar_checkpoint-100000pt_2023_11_02_17_10_30_0.wav,4.5707621574401855,NISQA_TTS_v1,3.869910502135754
prompt_7729-102255-0010_gt_3575-170457-0000_ar_epoch-60pt_nar_checkpoint-100000pt_2023_11_02_17_10_30_0.wav,3.879356622695923,NISQA_TTS_v1,3.869910502135754
prompt_2094-142345-0048_gt_5105-28240-0019_ar_epoch-60pt_nar_checkpoint-100000pt_2023_11_02_17_10_30_0.wav,4.531445026397705,NISQA_TTS_v1,3.869910502135754
prompt_2300-131720-0006_gt_1221-135766-0014_ar_epoch-60pt_nar_checkpoint-100000pt_2023_11_02_17_10_30_0.wav,3.6982665061950684,NISQA_TTS_v1,3.869910502135754
prompt_2094-142345-0048_gt_3575-170457-0022_ar_epoch-60pt_nar_checkpoint-100000pt_2023_11_02_17_10_30_0.wav,4.44662618637085,NISQA_TTS_v1,3.869910502135754
prompt_3575-170457-0022_gt_260-123288-0002_ar_epoch-60pt_nar_checkpoint-100000pt_2023_11_02_17_10_30_0.wav,3.4708797931671143,NISQA_TTS_v1,3.869910502135754
prompt_1580-141084-0009_gt_7729-102255-0021_ar_epoch-60pt_nar_checkpoint-100000pt_2023_11_02_17_10_30_0.wav,4.06260871887207,NISQA_TTS_v1,3.869910502135754
prompt_7021-85628-0018_gt_1580-141084-0047_ar_epoch-60pt_nar_checkpoint-100000pt_2023_11_02_17_10_30_0.wav,3.9637153148651123,NISQA_TTS_v1,3.869910502135754
prompt_7729-102255-0010_gt_260-123288-0006_ar_epoch-60pt_nar_checkpoint-100000pt_2023_11_02_17_10_30_0.wav,2.77569317817688,NISQA_TTS_v1,3.869910502135754
prompt_7021-85628-0018_gt_260-123288-0006_ar_epoch-60pt_nar_checkpoint-100000pt_2023_11_02_17_10_30_0.wav,3.777240753173828,NISQA_TTS_v1,3.869910502135754
prompt_5105-28240-0005_gt_1320-122612-0007_ar_epoch-60pt_nar_checkpoint-100000pt_2023_11_02_17_10_30_0.wav,3.5045206546783447,NISQA_TTS_v1,3.869910502135754
prompt_5105-28240-0005_gt_1221-135766-0014_ar_epoch-60pt_nar_checkpoint-100000pt_2023_11_02_17_10_30_0.wav,3.3263046741485596,NISQA_TTS_v1,3.869910502135754
prompt_1221-135766-0014_gt_5105-28240-0016_ar_epoch-60pt_nar_checkpoint-100000pt_2023_11_02_17_10_30_0.wav,4.1796135902404785,NISQA_TTS_v1,3.869910502135754
prompt_7021-85628-0018_gt_1320-122612-0007_ar_epoch-60pt_nar_checkpoint-100000pt_2023_11_02_17_10_30_0.wav,3.8068130016326904,NISQA_TTS_v1,3.869910502135754
prompt_5105-28240-0005_gt_1221-135766-0004_ar_epoch-60pt_nar_checkpoint-100000pt_2023_11_02_17_10_30_0.wav,3.7247180938720703,NISQA_TTS_v1,3.869910502135754
prompt_1320-122612-0008_gt_3575-170457-0050_ar_epoch-60pt_nar_checkpoint-100000pt_2023_11_02_17_10_30_0.wav,3.6557114124298096,NISQA_TTS_v1,3.869910502135754
prompt_7729-102255-0010_gt_3575-170457-0050_ar_epoch-60pt_nar_checkpoint-100000pt_2023_11_02_17_10_30_0.wav,2.7358312606811523,NISQA_TTS_v1,3.869910502135754
prompt_7021-85628-0018_gt_5105-28240-0016_ar_epoch-60pt_nar_checkpoint-100000pt_2023_11_02_17_10_30_0.wav,4.274851322174072,NISQA_TTS_v1,3.869910502135754
prompt_2300-131720-0006_gt_2094-142345-0024_ar_epoch-60pt_nar_checkpoint-100000pt_2023_11_02_17_10_30_0.wav,3.3427484035491943,NISQA_TTS_v1,3.869910502135754
prompt_2300-131720-0006_gt_1580-141084-0040_ar_epoch-60pt_nar_checkpoint-100000pt_2023_11_02_17_10_30_0.wav,3.3356454372406006,NISQA_TTS_v1,3.869910502135754
prompt_260-123288-0001_gt_7021-85628-0009_ar_epoch-60pt_nar_checkpoint-100000pt_2023_11_02_17_10_30_0.wav,4.34013032913208,NISQA_TTS_v1,3.869910502135754
prompt_5105-28240-0005_gt_2094-142345-0058_ar_epoch-60pt_nar_checkpoint-100000pt_2023_11_02_17_10_30_0.wav,4.431482791900635,NISQA_TTS_v1,3.869910502135754
prompt_7729-102255-0010_gt_1580-141084-0034_ar_epoch-60pt_nar_checkpoint-100000pt_2023_11_02_17_10_30_0.wav,3.539813756942749,NISQA_TTS_v1,3.869910502135754
prompt_7021-85628-0018_gt_1580-141084-0040_ar_epoch-60pt_nar_checkpoint-100000pt_2023_11_02_17_10_30_0.wav,3.4902310371398926,NISQA_TTS_v1,3.869910502135754
prompt_3575-170457-0022_gt_2094-142345-0058_ar_epoch-60pt_nar_checkpoint-100000pt_2023_11_02_17_10_30_0.wav,3.588308095932007,NISQA_TTS_v1,3.869910502135754
prompt_1221-135766-0014_gt_1221-135766-0002_ar_epoch-60pt_nar_checkpoint-100000pt_2023_11_02_17_10_30_0.wav,4.13370943069458,NISQA_TTS_v1,3.869910502135754
prompt_5105-28240-0005_gt_1580-141084-0047_ar_epoch-60pt_nar_checkpoint-100000pt_2023_11_02_17_10_30_0.wav,4.216716289520264,NISQA_TTS_v1,3.869910502135754
prompt_2094-142345-0048_gt_7021-85628-0011_ar_epoch-60pt_nar_checkpoint-100000pt_2023_11_02_17_10_30_0.wav,4.392675876617432,NISQA_TTS_v1,3.869910502135754
prompt_3575-170457-0022_gt_7021-85628-0008_ar_epoch-60pt_nar_checkpoint-100000pt_2023_11_02_17_10_30_0.wav,3.9627270698547363,NISQA_TTS_v1,3.869910502135754
prompt_3575-170457-0022_gt_3575-170457-0005_ar_epoch-60pt_nar_checkpoint-100000pt_2023_11_02_17_10_30_0.wav,3.962984323501587,NISQA_TTS_v1,3.869910502135754
prompt_2300-131720-0006_gt_7729-102255-0021_ar_epoch-60pt_nar_checkpoint-100000pt_2023_11_02_17_10_30_0.wav,3.100586175918579,NISQA_TTS_v1,3.869910502135754
prompt_1320-122612-0008_gt_7021-85628-0008_ar_epoch-60pt_nar_checkpoint-100000pt_2023_11_02_17_10_30_0.wav,3.55268931388855,NISQA_TTS_v1,3.869910502135754
prompt_5105-28240-0005_gt_260-123288-0011_ar_epoch-60pt_nar_checkpoint-100000pt_2023_11_02_17_10_30_0.wav,4.526592254638672,NISQA_TTS_v1,3.869910502135754
prompt_5105-28240-0005_gt_7729-102255-0021_ar_epoch-60pt_nar_checkpoint-100000pt_2023_11_02_17_10_30_0.wav,4.506321430206299,NISQA_TTS_v1,3.869910502135754
prompt_2094-142345-0048_gt_260-123288-0006_ar_epoch-60pt_nar_checkpoint-100000pt_2023_11_02_17_10_30_0.wav,4.402369976043701,NISQA_TTS_v1,3.869910502135754
prompt_7021-85628-0018_gt_1221-135766-0007_ar_epoch-60pt_nar_checkpoint-100000pt_2023_11_02_17_10_30_0.wav,4.03269100189209,NISQA_TTS_v1,3.869910502135754
prompt_2094-142345-0048_gt_2094-142345-0024_ar_epoch-60pt_nar_checkpoint-100000pt_2023_11_02_17_10_30_0.wav,4.501974582672119,NISQA_TTS_v1,3.869910502135754
prompt_260-123288-0001_gt_3575-170457-0022_ar_epoch-60pt_nar_checkpoint-100000pt_2023_11_02_17_10_30_0.wav,4.554333209991455,NISQA_TTS_v1,3.869910502135754
prompt_1221-135766-0014_gt_2094-142345-0021_ar_epoch-60pt_nar_checkpoint-100000pt_2023_11_02_17_10_30_0.wav,4.440625190734863,NISQA_TTS_v1,3.869910502135754
prompt_3575-170457-0022_gt_3575-170457-0022_ar_epoch-60pt_nar_checkpoint-100000pt_2023_11_02_17_10_30_0.wav,4.226406574249268,NISQA_TTS_v1,3.869910502135754
prompt_2300-131720-0006_gt_1320-122612-0004_ar_epoch-60pt_nar_checkpoint-100000pt_2023_11_02_17_10_30_0.wav,4.283010005950928,NISQA_TTS_v1,3.869910502135754
prompt_1221-135766-0014_gt_5105-28240-0004_ar_epoch-60pt_nar_checkpoint-100000pt_2023_11_02_17_10_30_0.wav,3.6655495166778564,NISQA_TTS_v1,3.869910502135754
prompt_1221-135766-0014_gt_1320-122612-0005_ar_epoch-60pt_nar_checkpoint-100000pt_2023_11_02_17_10_30_0.wav,2.1860954761505127,NISQA_TTS_v1,3.869910502135754
prompt_1221-135766-0014_gt_2300-131720-0027_ar_epoch-60pt_nar_checkpoint-100000pt_2023_11_02_17_10_30_0.wav,3.5614969730377197,NISQA_TTS_v1,3.869910502135754
prompt_3575-170457-0022_gt_5105-28240-0004_ar_epoch-60pt_nar_checkpoint-100000pt_2023_11_02_17_10_30_0.wav,3.7384815216064453,NISQA_TTS_v1,3.869910502135754
prompt_1221-135766-0014_gt_2094-142345-0058_ar_epoch-60pt_nar_checkpoint-100000pt_2023_11_02_17_10_30_0.wav,1.8426483869552612,NISQA_TTS_v1,3.869910502135754
prompt_260-123288-0001_gt_2094-142345-0001_ar_epoch-60pt_nar_checkpoint-100000pt_2023_11_02_17_10_30_0.wav,3.78202486038208,NISQA_TTS_v1,3.869910502135754
prompt_1221-135766-0014_gt_7021-85628-0011_ar_epoch-60pt_nar_checkpoint-100000pt_2023_11_02_17_10_30_0.wav,4.532876968383789,NISQA_TTS_v1,3.869910502135754
prompt_3575-170457-0022_gt_7729-102255-0005_ar_epoch-60pt_nar_checkpoint-100000pt_2023_11_02_17_10_30_0.wav,4.3326802253723145,NISQA_TTS_v1,3.869910502135754
prompt_3575-170457-0022_gt_1221-135766-0004_ar_epoch-60pt_nar_checkpoint-100000pt_2023_11_02_17_10_30_0.wav,4.036890506744385,NISQA_TTS_v1,3.869910502135754
prompt_5105-28240-0005_gt_2300-131720-0000_ar_epoch-60pt_nar_checkpoint-100000pt_2023_11_02_17_10_30_0.wav,4.767999172210693,NISQA_TTS_v1,3.869910502135754
prompt_7729-102255-0010_gt_5105-28240-0019_ar_epoch-60pt_nar_checkpoint-100000pt_2023_11_02_17_10_30_0.wav,2.9331412315368652,NISQA_TTS_v1,3.869910502135754
prompt_5105-28240-0005_gt_3575-170457-0000_ar_epoch-60pt_nar_checkpoint-100000pt_2023_11_02_17_10_30_0.wav,4.308196544647217,NISQA_TTS_v1,3.869910502135754
prompt_5105-28240-0005_gt_1221-135766-0007_ar_epoch-60pt_nar_checkpoint-100000pt_2023_11_02_17_10_30_0.wav,3.259077548980713,NISQA_TTS_v1,3.869910502135754
prompt_7729-102255-0010_gt_7021-85628-0010_ar_epoch-60pt_nar_checkpoint-100000pt_2023_11_02_17_10_30_0.wav,3.0163238048553467,NISQA_TTS_v1,3.869910502135754
prompt_1580-141084-0009_gt_1221-135766-0014_ar_epoch-60pt_nar_checkpoint-100000pt_2023_11_02_17_10_30_0.wav,4.1349568367004395,NISQA_TTS_v1,3.869910502135754
prompt_7729-102255-0010_gt_7729-102255-0021_ar_epoch-60pt_nar_checkpoint-100000pt_2023_11_02_17_10_30_0.wav,3.1448662281036377,NISQA_TTS_v1,3.869910502135754
prompt_1580-141084-0009_gt_3575-170457-0000_ar_epoch-60pt_nar_checkpoint-100000pt_2023_11_02_17_10_30_0.wav,4.294680118560791,NISQA_TTS_v1,3.869910502135754
prompt_1221-135766-0014_gt_5105-28240-0019_ar_epoch-60pt_nar_checkpoint-100000pt_2023_11_02_17_10_30_0.wav,3.2056000232696533,NISQA_TTS_v1,3.869910502135754
prompt_2300-131720-0006_gt_3575-170457-0005_ar_epoch-60pt_nar_checkpoint-100000pt_2023_11_02_17_10_30_0.wav,4.316927909851074,NISQA_TTS_v1,3.869910502135754
prompt_1221-135766-0014_gt_2300-131720-0015_ar_epoch-60pt_nar_checkpoint-100000pt_2023_11_02_17_10_30_0.wav,2.876556634902954,NISQA_TTS_v1,3.869910502135754
prompt_1320-122612-0008_gt_2094-142345-0024_ar_epoch-60pt_nar_checkpoint-100000pt_2023_11_02_17_10_30_0.wav,4.268226623535156,NISQA_TTS_v1,3.869910502135754
prompt_2300-131720-0006_gt_1580-141084-0048_ar_epoch-60pt_nar_checkpoint-100000pt_2023_11_02_17_10_30_0.wav,3.6131515502929688,NISQA_TTS_v1,3.869910502135754
prompt_3575-170457-0022_gt_1320-122612-0004_ar_epoch-60pt_nar_checkpoint-100000pt_2023_11_02_17_10_30_0.wav,4.09036922454834,NISQA_TTS_v1,3.869910502135754
prompt_1320-122612-0008_gt_5105-28240-0019_ar_epoch-60pt_nar_checkpoint-100000pt_2023_11_02_17_10_30_0.wav,3.8296821117401123,NISQA_TTS_v1,3.869910502135754
prompt_3575-170457-0022_gt_2300-131720-0015_ar_epoch-60pt_nar_checkpoint-100000pt_2023_11_02_17_10_30_0.wav,4.116252422332764,NISQA_TTS_v1,3.869910502135754
prompt_7021-85628-0018_gt_7021-85628-0008_ar_epoch-60pt_nar_checkpoint-100000pt_2023_11_02_17_10_30_0.wav,4.316408634185791,NISQA_TTS_v1,3.869910502135754
prompt_1221-135766-0014_gt_7729-102255-0019_ar_epoch-60pt_nar_checkpoint-100000pt_2023_11_02_17_10_30_0.wav,3.033717393875122,NISQA_TTS_v1,3.869910502135754
prompt_1221-135766-0014_gt_3575-170457-0022_ar_epoch-60pt_nar_checkpoint-100000pt_2023_11_02_17_10_30_0.wav,4.0725483894348145,NISQA_TTS_v1,3.869910502135754
prompt_2094-142345-0048_gt_2300-131720-0009_ar_epoch-60pt_nar_checkpoint-100000pt_2023_11_02_17_10_30_0.wav,3.935882329940796,NISQA_TTS_v1,3.869910502135754
prompt_1580-141084-0009_gt_1221-135766-0004_ar_epoch-60pt_nar_checkpoint-100000pt_2023_11_02_17_10_30_0.wav,4.326541423797607,NISQA_TTS_v1,3.869910502135754
prompt_2094-142345-0048_gt_1221-135766-0014_ar_epoch-60pt_nar_checkpoint-100000pt_2023_11_02_17_10_30_0.wav,4.789261817932129,NISQA_TTS_v1,3.869910502135754
prompt_7021-85628-0018_gt_260-123288-0011_ar_epoch-60pt_nar_checkpoint-100000pt_2023_11_02_17_10_30_0.wav,4.161614894866943,NISQA_TTS_v1,3.869910502135754
prompt_5105-28240-0005_gt_7021-85628-0009_ar_epoch-60pt_nar_checkpoint-100000pt_2023_11_02_17_10_30_0.wav,4.206905364990234,NISQA_TTS_v1,3.869910502135754
prompt_260-123288-0001_gt_1580-141084-0048_ar_epoch-60pt_nar_checkpoint-100000pt_2023_11_02_17_10_30_0.wav,4.10811185836792,NISQA_TTS_v1,3.869910502135754
prompt_7729-102255-0010_gt_7021-85628-0011_ar_epoch-60pt_nar_checkpoint-100000pt_2023_11_02_17_10_30_0.wav,2.3754210472106934,NISQA_TTS_v1,3.869910502135754
prompt_2300-131720-0006_gt_2094-142345-0058_ar_epoch-60pt_nar_checkpoint-100000pt_2023_11_02_17_10_30_0.wav,2.4871714115142822,NISQA_TTS_v1,3.869910502135754
prompt_1320-122612-0008_gt_2300-131720-0027_ar_epoch-60pt_nar_checkpoint-100000pt_2023_11_02_17_10_30_0.wav,3.7371327877044678,NISQA_TTS_v1,3.869910502135754
prompt_3575-170457-0022_gt_7021-85628-0010_ar_epoch-60pt_nar_checkpoint-100000pt_2023_11_02_17_10_30_0.wav,4.324224948883057,NISQA_TTS_v1,3.869910502135754
prompt_1580-141084-0009_gt_3575-170457-0050_ar_epoch-60pt_nar_checkpoint-100000pt_2023_11_02_17_10_30_0.wav,4.243408679962158,NISQA_TTS_v1,3.869910502135754
prompt_2094-142345-0048_gt_3575-170457-0050_ar_epoch-60pt_nar_checkpoint-100000pt_2023_11_02_17_10_30_0.wav,4.519073963165283,NISQA_TTS_v1,3.869910502135754
prompt_260-123288-0001_gt_5105-28240-0019_ar_epoch-60pt_nar_checkpoint-100000pt_2023_11_02_17_10_30_0.wav,3.3686583042144775,NISQA_TTS_v1,3.869910502135754
prompt_2300-131720-0006_gt_7729-102255-0019_ar_epoch-60pt_nar_checkpoint-100000pt_2023_11_02_17_10_30_0.wav,2.456077814102173,NISQA_TTS_v1,3.869910502135754
prompt_1221-135766-0014_gt_7021-85628-0009_ar_epoch-60pt_nar_checkpoint-100000pt_2023_11_02_17_10_30_0.wav,4.672531604766846,NISQA_TTS_v1,3.869910502135754
prompt_7021-85628-0018_gt_260-123288-0001_ar_epoch-60pt_nar_checkpoint-100000pt_2023_11_02_17_10_30_0.wav,4.609614849090576,NISQA_TTS_v1,3.869910502135754
prompt_1580-141084-0009_gt_7021-85628-0009_ar_epoch-60pt_nar_checkpoint-100000pt_2023_11_02_17_10_30_0.wav,4.221986293792725,NISQA_TTS_v1,3.869910502135754
prompt_5105-28240-0005_gt_2094-142345-0024_ar_epoch-60pt_nar_checkpoint-100000pt_2023_11_02_17_10_30_0.wav,4.398444652557373,NISQA_TTS_v1,3.869910502135754
prompt_1221-135766-0014_gt_7729-102255-0005_ar_epoch-60pt_nar_checkpoint-100000pt_2023_11_02_17_10_30_0.wav,4.477878093719482,NISQA_TTS_v1,3.869910502135754
prompt_5105-28240-0005_gt_7021-85628-0008_ar_epoch-60pt_nar_checkpoint-100000pt_2023_11_02_17_10_30_0.wav,4.242758750915527,NISQA_TTS_v1,3.869910502135754
prompt_1580-141084-0009_gt_1580-141084-0048_ar_epoch-60pt_nar_checkpoint-100000pt_2023_11_02_17_10_30_0.wav,4.237658500671387,NISQA_TTS_v1,3.869910502135754
prompt_7021-85628-0018_gt_5105-28240-0004_ar_epoch-60pt_nar_checkpoint-100000pt_2023_11_02_17_10_30_0.wav,4.412349224090576,NISQA_TTS_v1,3.869910502135754
prompt_2300-131720-0006_gt_1320-122612-0005_ar_epoch-60pt_nar_checkpoint-100000pt_2023_11_02_17_10_30_0.wav,4.095111846923828,NISQA_TTS_v1,3.869910502135754
prompt_1320-122612-0008_gt_7729-102255-0021_ar_epoch-60pt_nar_checkpoint-100000pt_2023_11_02_17_10_30_0.wav,3.8867106437683105,NISQA_TTS_v1,3.869910502135754
prompt_2300-131720-0006_gt_2300-131720-0000_ar_epoch-60pt_nar_checkpoint-100000pt_2023_11_02_17_10_30_0.wav,3.393810510635376,NISQA_TTS_v1,3.869910502135754
prompt_3575-170457-0022_gt_3575-170457-0050_ar_epoch-60pt_nar_checkpoint-100000pt_2023_11_02_17_10_30_0.wav,4.121735095977783,NISQA_TTS_v1,3.869910502135754
prompt_3575-170457-0022_gt_7021-85628-0009_ar_epoch-60pt_nar_checkpoint-100000pt_2023_11_02_17_10_30_0.wav,3.7769906520843506,NISQA_TTS_v1,3.869910502135754
prompt_2094-142345-0048_gt_2094-142345-0001_ar_epoch-60pt_nar_checkpoint-100000pt_2023_11_02_17_10_30_0.wav,4.74000883102417,NISQA_TTS_v1,3.869910502135754
prompt_1320-122612-0008_gt_1580-141084-0048_ar_epoch-60pt_nar_checkpoint-100000pt_2023_11_02_17_10_30_0.wav,3.8099842071533203,NISQA_TTS_v1,3.869910502135754
prompt_260-123288-0001_gt_260-123288-0006_ar_epoch-60pt_nar_checkpoint-100000pt_2023_11_02_17_10_30_0.wav,3.677168130874634,NISQA_TTS_v1,3.869910502135754
prompt_7729-102255-0010_gt_5105-28240-0004_ar_epoch-60pt_nar_checkpoint-100000pt_2023_11_02_17_10_30_0.wav,2.9321224689483643,NISQA_TTS_v1,3.869910502135754
prompt_260-123288-0001_gt_7021-85628-0008_ar_epoch-60pt_nar_checkpoint-100000pt_2023_11_02_17_10_30_0.wav,4.299818515777588,NISQA_TTS_v1,3.869910502135754
prompt_260-123288-0001_gt_2094-142345-0024_ar_epoch-60pt_nar_checkpoint-100000pt_2023_11_02_17_10_30_0.wav,4.087015628814697,NISQA_TTS_v1,3.869910502135754
prompt_1580-141084-0009_gt_3575-170457-0022_ar_epoch-60pt_nar_checkpoint-100000pt_2023_11_02_17_10_30_0.wav,4.450417518615723,NISQA_TTS_v1,3.869910502135754
prompt_260-123288-0001_gt_1580-141084-0040_ar_epoch-60pt_nar_checkpoint-100000pt_2023_11_02_17_10_30_0.wav,4.324362277984619,NISQA_TTS_v1,3.869910502135754
prompt_1580-141084-0009_gt_260-123288-0001_ar_epoch-60pt_nar_checkpoint-100000pt_2023_11_02_17_10_30_0.wav,4.3867106437683105,NISQA_TTS_v1,3.869910502135754
prompt_1580-141084-0009_gt_260-123288-0002_ar_epoch-60pt_nar_checkpoint-100000pt_2023_11_02_17_10_30_0.wav,4.43122673034668,NISQA_TTS_v1,3.869910502135754
prompt_2094-142345-0048_gt_2094-142345-0021_ar_epoch-60pt_nar_checkpoint-100000pt_2023_11_02_17_10_30_0.wav,4.344391822814941,NISQA_TTS_v1,3.869910502135754
prompt_1320-122612-0008_gt_5105-28240-0016_ar_epoch-60pt_nar_checkpoint-100000pt_2023_11_02_17_10_30_0.wav,4.225723743438721,NISQA_TTS_v1,3.869910502135754
prompt_7021-85628-0018_gt_1221-135766-0004_ar_epoch-60pt_nar_checkpoint-100000pt_2023_11_02_17_10_30_0.wav,4.262896537780762,NISQA_TTS_v1,3.869910502135754
prompt_7729-102255-0010_gt_2300-131720-0015_ar_epoch-60pt_nar_checkpoint-100000pt_2023_11_02_17_10_30_0.wav,3.4502322673797607,NISQA_TTS_v1,3.869910502135754
prompt_3575-170457-0022_gt_260-123288-0001_ar_epoch-60pt_nar_checkpoint-100000pt_2023_11_02_17_10_30_0.wav,4.300660610198975,NISQA_TTS_v1,3.869910502135754
prompt_1580-141084-0009_gt_5105-28240-0016_ar_epoch-60pt_nar_checkpoint-100000pt_2023_11_02_17_10_30_0.wav,4.265740394592285,NISQA_TTS_v1,3.869910502135754
prompt_7021-85628-0018_gt_3575-170457-0005_ar_epoch-60pt_nar_checkpoint-100000pt_2023_11_02_17_10_30_0.wav,4.2439799308776855,NISQA_TTS_v1,3.869910502135754
prompt_3575-170457-0022_gt_5105-28240-0019_ar_epoch-60pt_nar_checkpoint-100000pt_2023_11_02_17_10_30_0.wav,3.9652621746063232,NISQA_TTS_v1,3.869910502135754
prompt_1580-141084-0009_gt_1320-122612-0004_ar_epoch-60pt_nar_checkpoint-100000pt_2023_11_02_17_10_30_0.wav,4.3365607261657715,NISQA_TTS_v1,3.869910502135754
prompt_2300-131720-0006_gt_7021-85628-0009_ar_epoch-60pt_nar_checkpoint-100000pt_2023_11_02_17_10_30_0.wav,3.391071081161499,NISQA_TTS_v1,3.869910502135754
prompt_260-123288-0001_gt_7729-102255-0021_ar_epoch-60pt_nar_checkpoint-100000pt_2023_11_02_17_10_30_0.wav,4.484671115875244,NISQA_TTS_v1,3.869910502135754
prompt_1221-135766-0014_gt_2094-142345-0001_ar_epoch-60pt_nar_checkpoint-100000pt_2023_11_02_17_10_30_0.wav,4.060595512390137,NISQA_TTS_v1,3.869910502135754
prompt_7729-102255-0010_gt_1221-135766-0004_ar_epoch-60pt_nar_checkpoint-100000pt_2023_11_02_17_10_30_0.wav,3.1160671710968018,NISQA_TTS_v1,3.869910502135754
prompt_7729-102255-0010_gt_1221-135766-0014_ar_epoch-60pt_nar_checkpoint-100000pt_2023_11_02_17_10_30_0.wav,2.9492299556732178,NISQA_TTS_v1,3.869910502135754
prompt_260-123288-0001_gt_5105-28240-0005_ar_epoch-60pt_nar_checkpoint-100000pt_2023_11_02_17_10_30_0.wav,3.9911887645721436,NISQA_TTS_v1,3.869910502135754
prompt_1320-122612-0008_gt_1221-135766-0007_ar_epoch-60pt_nar_checkpoint-100000pt_2023_11_02_17_10_30_0.wav,3.552011251449585,NISQA_TTS_v1,3.869910502135754
prompt_7729-102255-0010_gt_7729-102255-0036_ar_epoch-60pt_nar_checkpoint-100000pt_2023_11_02_17_10_30_0.wav,3.6419894695281982,NISQA_TTS_v1,3.869910502135754
prompt_5105-28240-0005_gt_5105-28240-0019_ar_epoch-60pt_nar_checkpoint-100000pt_2023_11_02_17_10_30_0.wav,4.450201988220215,NISQA_TTS_v1,3.869910502135754
prompt_260-123288-0001_gt_1320-122612-0008_ar_epoch-60pt_nar_checkpoint-100000pt_2023_11_02_17_10_30_0.wav,3.754601001739502,NISQA_TTS_v1,3.869910502135754
prompt_1580-141084-0009_gt_260-123288-0011_ar_epoch-60pt_nar_checkpoint-100000pt_2023_11_02_17_10_30_0.wav,4.411025524139404,NISQA_TTS_v1,3.869910502135754
prompt_3575-170457-0022_gt_2094-142345-0024_ar_epoch-60pt_nar_checkpoint-100000pt_2023_11_02_17_10_30_0.wav,4.3374924659729,NISQA_TTS_v1,3.869910502135754
prompt_1320-122612-0008_gt_2094-142345-0058_ar_epoch-60pt_nar_checkpoint-100000pt_2023_11_02_17_10_30_0.wav,4.128014087677002,NISQA_TTS_v1,3.869910502135754
prompt_7729-102255-0010_gt_1320-122612-0004_ar_epoch-60pt_nar_checkpoint-100000pt_2023_11_02_17_10_30_0.wav,3.0850653648376465,NISQA_TTS_v1,3.869910502135754
prompt_1221-135766-0014_gt_1580-141084-0047_ar_epoch-60pt_nar_checkpoint-100000pt_2023_11_02_17_10_30_0.wav,4.775861740112305,NISQA_TTS_v1,3.869910502135754
prompt_1221-135766-0014_gt_1580-141084-0048_ar_epoch-60pt_nar_checkpoint-100000pt_2023_11_02_17_10_30_0.wav,3.7276251316070557,NISQA_TTS_v1,3.869910502135754
prompt_7729-102255-0010_gt_1580-141084-0047_ar_epoch-60pt_nar_checkpoint-100000pt_2023_11_02_17_10_30_0.wav,2.1337339878082275,NISQA_TTS_v1,3.869910502135754
prompt_2094-142345-0048_gt_1580-141084-0040_ar_epoch-60pt_nar_checkpoint-100000pt_2023_11_02_17_10_30_0.wav,4.743740558624268,NISQA_TTS_v1,3.869910502135754
prompt_2300-131720-0006_gt_2094-142345-0001_ar_epoch-60pt_nar_checkpoint-100000pt_2023_11_02_17_10_30_0.wav,4.009564399719238,NISQA_TTS_v1,3.869910502135754
prompt_5105-28240-0005_gt_2300-131720-0015_ar_epoch-60pt_nar_checkpoint-100000pt_2023_11_02_17_10_30_0.wav,3.015432834625244,NISQA_TTS_v1,3.869910502135754
prompt_1580-141084-0009_gt_260-123288-0006_ar_epoch-60pt_nar_checkpoint-100000pt_2023_11_02_17_10_30_0.wav,4.1990742683410645,NISQA_TTS_v1,3.869910502135754
prompt_2300-131720-0006_gt_3575-170457-0022_ar_epoch-60pt_nar_checkpoint-100000pt_2023_11_02_17_10_30_0.wav,4.074959754943848,NISQA_TTS_v1,3.869910502135754
prompt_2300-131720-0006_gt_5105-28240-0019_ar_epoch-60pt_nar_checkpoint-100000pt_2023_11_02_17_10_30_0.wav,3.315065622329712,NISQA_TTS_v1,3.869910502135754
prompt_1580-141084-0009_gt_1580-141084-0040_ar_epoch-60pt_nar_checkpoint-100000pt_2023_11_02_17_10_30_0.wav,4.29869270324707,NISQA_TTS_v1,3.869910502135754
prompt_1320-122612-0008_gt_1320-122612-0005_ar_epoch-60pt_nar_checkpoint-100000pt_2023_11_02_17_10_30_0.wav,2.7159676551818848,NISQA_TTS_v1,3.869910502135754
prompt_7729-102255-0010_gt_260-123288-0002_ar_epoch-60pt_nar_checkpoint-100000pt_2023_11_02_17_10_30_0.wav,2.6378138065338135,NISQA_TTS_v1,3.869910502135754
prompt_1580-141084-0009_gt_5105-28240-0019_ar_epoch-60pt_nar_checkpoint-100000pt_2023_11_02_17_10_30_0.wav,4.3572773933410645,NISQA_TTS_v1,3.869910502135754
prompt_7729-102255-0010_gt_7021-85628-0008_ar_epoch-60pt_nar_checkpoint-100000pt_2023_11_02_17_10_30_0.wav,3.537968397140503,NISQA_TTS_v1,3.869910502135754
prompt_5105-28240-0005_gt_2094-142345-0001_ar_epoch-60pt_nar_checkpoint-100000pt_2023_11_02_17_10_30_0.wav,4.225228786468506,NISQA_TTS_v1,3.869910502135754
prompt_1221-135766-0014_gt_7729-102255-0021_ar_epoch-60pt_nar_checkpoint-100000pt_2023_11_02_17_10_30_0.wav,2.2130520343780518,NISQA_TTS_v1,3.869910502135754
prompt_260-123288-0001_gt_260-123288-0002_ar_epoch-60pt_nar_checkpoint-100000pt_2023_11_02_17_10_30_0.wav,4.020407676696777,NISQA_TTS_v1,3.869910502135754
prompt_2094-142345-0048_gt_2300-131720-0015_ar_epoch-60pt_nar_checkpoint-100000pt_2023_11_02_17_10_30_0.wav,3.897977113723755,NISQA_TTS_v1,3.869910502135754
prompt_2094-142345-0048_gt_7729-102255-0019_ar_epoch-60pt_nar_checkpoint-100000pt_2023_11_02_17_10_30_0.wav,3.7034003734588623,NISQA_TTS_v1,3.869910502135754
prompt_1320-122612-0008_gt_2094-142345-0021_ar_epoch-60pt_nar_checkpoint-100000pt_2023_11_02_17_10_30_0.wav,2.4328935146331787,NISQA_TTS_v1,3.869910502135754
prompt_260-123288-0001_gt_7021-85628-0011_ar_epoch-60pt_nar_checkpoint-100000pt_2023_11_02_17_10_30_0.wav,3.717259168624878,NISQA_TTS_v1,3.869910502135754
prompt_7729-102255-0010_gt_7021-85628-0009_ar_epoch-60pt_nar_checkpoint-100000pt_2023_11_02_17_10_30_0.wav,2.982288360595703,NISQA_TTS_v1,3.869910502135754
prompt_1221-135766-0014_gt_3575-170457-0000_ar_epoch-60pt_nar_checkpoint-100000pt_2023_11_02_17_10_30_0.wav,2.970390558242798,NISQA_TTS_v1,3.869910502135754
prompt_7021-85628-0018_gt_3575-170457-0000_ar_epoch-60pt_nar_checkpoint-100000pt_2023_11_02_17_10_30_0.wav,4.264955997467041,NISQA_TTS_v1,3.869910502135754
prompt_1320-122612-0008_gt_1320-122612-0008_ar_epoch-60pt_nar_checkpoint-100000pt_2023_11_02_17_10_30_0.wav,4.08474588394165,NISQA_TTS_v1,3.869910502135754
prompt_7729-102255-0010_gt_2094-142345-0021_ar_epoch-60pt_nar_checkpoint-100000pt_2023_11_02_17_10_30_0.wav,3.805453300476074,NISQA_TTS_v1,3.869910502135754
prompt_7729-102255-0010_gt_1320-122612-0007_ar_epoch-60pt_nar_checkpoint-100000pt_2023_11_02_17_10_30_0.wav,3.4339659214019775,NISQA_TTS_v1,3.869910502135754
prompt_5105-28240-0005_gt_7021-85628-0011_ar_epoch-60pt_nar_checkpoint-100000pt_2023_11_02_17_10_30_0.wav,4.281480312347412,NISQA_TTS_v1,3.869910502135754
prompt_2094-142345-0048_gt_5105-28240-0016_ar_epoch-60pt_nar_checkpoint-100000pt_2023_11_02_17_10_30_0.wav,4.090643882751465,NISQA_TTS_v1,3.869910502135754
prompt_7021-85628-0018_gt_1320-122612-0008_ar_epoch-60pt_nar_checkpoint-100000pt_2023_11_02_17_10_30_0.wav,4.0267558097839355,NISQA_TTS_v1,3.869910502135754
prompt_2094-142345-0048_gt_7729-102255-0036_ar_epoch-60pt_nar_checkpoint-100000pt_2023_11_02_17_10_30_0.wav,4.458367824554443,NISQA_TTS_v1,3.869910502135754
prompt_7729-102255-0010_gt_2094-142345-0058_ar_epoch-60pt_nar_checkpoint-100000pt_2023_11_02_17_10_30_0.wav,3.681645631790161,NISQA_TTS_v1,3.869910502135754
prompt_1320-122612-0008_gt_2300-131720-0015_ar_epoch-60pt_nar_checkpoint-100000pt_2023_11_02_17_10_30_0.wav,3.151723623275757,NISQA_TTS_v1,3.869910502135754
prompt_260-123288-0001_gt_7729-102255-0005_ar_epoch-60pt_nar_checkpoint-100000pt_2023_11_02_17_10_30_0.wav,3.8047122955322266,NISQA_TTS_v1,3.869910502135754
prompt_1221-135766-0014_gt_2094-142345-0024_ar_epoch-60pt_nar_checkpoint-100000pt_2023_11_02_17_10_30_0.wav,2.7989158630371094,NISQA_TTS_v1,3.869910502135754
prompt_5105-28240-0005_gt_1320-122612-0005_ar_epoch-60pt_nar_checkpoint-100000pt_2023_11_02_17_10_30_0.wav,3.292217493057251,NISQA_TTS_v1,3.869910502135754
prompt_2300-131720-0006_gt_260-123288-0001_ar_epoch-60pt_nar_checkpoint-100000pt_2023_11_02_17_10_30_0.wav,3.9793701171875,NISQA_TTS_v1,3.869910502135754
prompt_7021-85628-0018_gt_2300-131720-0027_ar_epoch-60pt_nar_checkpoint-100000pt_2023_11_02_17_10_30_0.wav,4.315541744232178,NISQA_TTS_v1,3.869910502135754
prompt_1221-135766-0014_gt_260-123288-0001_ar_epoch-60pt_nar_checkpoint-100000pt_2023_11_02_17_10_30_0.wav,3.242793560028076,NISQA_TTS_v1,3.869910502135754
prompt_5105-28240-0005_gt_1320-122612-0004_ar_epoch-60pt_nar_checkpoint-100000pt_2023_11_02_17_10_30_0.wav,4.644839763641357,NISQA_TTS_v1,3.869910502135754
prompt_3575-170457-0022_gt_2094-142345-0021_ar_epoch-60pt_nar_checkpoint-100000pt_2023_11_02_17_10_30_0.wav,3.874145746231079,NISQA_TTS_v1,3.869910502135754
prompt_1580-141084-0009_gt_1320-122612-0005_ar_epoch-60pt_nar_checkpoint-100000pt_2023_11_02_17_10_30_0.wav,4.36714506149292,NISQA_TTS_v1,3.869910502135754
prompt_2300-131720-0006_gt_1580-141084-0034_ar_epoch-60pt_nar_checkpoint-100000pt_2023_11_02_17_10_30_0.wav,2.9268529415130615,NISQA_TTS_v1,3.869910502135754
prompt_5105-28240-0005_gt_260-123288-0006_ar_epoch-60pt_nar_checkpoint-100000pt_2023_11_02_17_10_30_0.wav,3.7757046222686768,NISQA_TTS_v1,3.869910502135754
prompt_260-123288-0001_gt_1221-135766-0007_ar_epoch-60pt_nar_checkpoint-100000pt_2023_11_02_17_10_30_0.wav,3.8211820125579834,NISQA_TTS_v1,3.869910502135754
prompt_1580-141084-0009_gt_7021-85628-0008_ar_epoch-60pt_nar_checkpoint-100000pt_2023_11_02_17_10_30_0.wav,4.544989109039307,NISQA_TTS_v1,3.869910502135754
prompt_3575-170457-0022_gt_1221-135766-0014_ar_epoch-60pt_nar_checkpoint-100000pt_2023_11_02_17_10_30_0.wav,3.579448938369751,NISQA_TTS_v1,3.869910502135754
prompt_1320-122612-0008_gt_260-123288-0011_ar_epoch-60pt_nar_checkpoint-100000pt_2023_11_02_17_10_30_0.wav,3.100576162338257,NISQA_TTS_v1,3.869910502135754
prompt_1320-122612-0008_gt_260-123288-0006_ar_epoch-60pt_nar_checkpoint-100000pt_2023_11_02_17_10_30_0.wav,3.4274673461914062,NISQA_TTS_v1,3.869910502135754
prompt_2094-142345-0048_gt_7729-102255-0005_ar_epoch-60pt_nar_checkpoint-100000pt_2023_11_02_17_10_30_0.wav,4.472841739654541,NISQA_TTS_v1,3.869910502135754
prompt_1580-141084-0009_gt_1320-122612-0008_ar_epoch-60pt_nar_checkpoint-100000pt_2023_11_02_17_10_30_0.wav,4.235506534576416,NISQA_TTS_v1,3.869910502135754
prompt_260-123288-0001_gt_3575-170457-0000_ar_epoch-60pt_nar_checkpoint-100000pt_2023_11_02_17_10_30_0.wav,3.5955147743225098,NISQA_TTS_v1,3.869910502135754
prompt_3575-170457-0022_gt_260-123288-0011_ar_epoch-60pt_nar_checkpoint-100000pt_2023_11_02_17_10_30_0.wav,3.203953266143799,NISQA_TTS_v1,3.869910502135754
prompt_2094-142345-0048_gt_1580-141084-0048_ar_epoch-60pt_nar_checkpoint-100000pt_2023_11_02_17_10_30_0.wav,4.715778827667236,NISQA_TTS_v1,3.869910502135754
prompt_260-123288-0001_gt_2094-142345-0021_ar_epoch-60pt_nar_checkpoint-100000pt_2023_11_02_17_10_30_0.wav,4.16002082824707,NISQA_TTS_v1,3.869910502135754
prompt_2300-131720-0006_gt_5105-28240-0004_ar_epoch-60pt_nar_checkpoint-100000pt_2023_11_02_17_10_30_0.wav,4.021117210388184,NISQA_TTS_v1,3.869910502135754
prompt_1320-122612-0008_gt_7021-85628-0009_ar_epoch-60pt_nar_checkpoint-100000pt_2023_11_02_17_10_30_0.wav,3.5361030101776123,NISQA_TTS_v1,3.869910502135754
prompt_7021-85628-0018_gt_3575-170457-0050_ar_epoch-60pt_nar_checkpoint-100000pt_2023_11_02_17_10_30_0.wav,4.406975746154785,NISQA_TTS_v1,3.869910502135754
prompt_260-123288-0001_gt_1580-141084-0034_ar_epoch-60pt_nar_checkpoint-100000pt_2023_11_02_17_10_30_0.wav,2.60184645652771,NISQA_TTS_v1,3.869910502135754
prompt_1580-141084-0009_gt_7729-102255-0005_ar_epoch-60pt_nar_checkpoint-100000pt_2023_11_02_17_10_30_0.wav,4.409889221191406,NISQA_TTS_v1,3.869910502135754
prompt_5105-28240-0005_gt_5105-28240-0016_ar_epoch-60pt_nar_checkpoint-100000pt_2023_11_02_17_10_30_0.wav,4.358448028564453,NISQA_TTS_v1,3.869910502135754
prompt_7021-85628-0018_gt_2300-131720-0009_ar_epoch-60pt_nar_checkpoint-100000pt_2023_11_02_17_10_30_0.wav,4.345735549926758,NISQA_TTS_v1,3.869910502135754
prompt_3575-170457-0022_gt_260-123288-0006_ar_epoch-60pt_nar_checkpoint-100000pt_2023_11_02_17_10_30_0.wav,3.906662940979004,NISQA_TTS_v1,3.869910502135754
prompt_7021-85628-0018_gt_2094-142345-0058_ar_epoch-60pt_nar_checkpoint-100000pt_2023_11_02_17_10_30_0.wav,3.335787773132324,NISQA_TTS_v1,3.869910502135754
prompt_7021-85628-0018_gt_7729-102255-0005_ar_epoch-60pt_nar_checkpoint-100000pt_2023_11_02_17_10_30_0.wav,4.343469142913818,NISQA_TTS_v1,3.869910502135754
prompt_5105-28240-0005_gt_5105-28240-0005_ar_epoch-60pt_nar_checkpoint-100000pt_2023_11_02_17_10_30_0.wav,4.126517295837402,NISQA_TTS_v1,3.869910502135754
prompt_1580-141084-0009_gt_2094-142345-0001_ar_epoch-60pt_nar_checkpoint-100000pt_2023_11_02_17_10_30_0.wav,4.4712090492248535,NISQA_TTS_v1,3.869910502135754
prompt_7021-85628-0018_gt_1320-122612-0005_ar_epoch-60pt_nar_checkpoint-100000pt_2023_11_02_17_10_30_0.wav,4.155258655548096,NISQA_TTS_v1,3.869910502135754
prompt_7729-102255-0010_gt_1221-135766-0007_ar_epoch-60pt_nar_checkpoint-100000pt_2023_11_02_17_10_30_0.wav,2.3296594619750977,NISQA_TTS_v1,3.869910502135754
prompt_2094-142345-0048_gt_1221-135766-0004_ar_epoch-60pt_nar_checkpoint-100000pt_2023_11_02_17_10_30_0.wav,4.540785789489746,NISQA_TTS_v1,3.869910502135754
prompt_2094-142345-0048_gt_7729-102255-0021_ar_epoch-60pt_nar_checkpoint-100000pt_2023_11_02_17_10_30_0.wav,4.213266849517822,NISQA_TTS_v1,3.869910502135754
prompt_7021-85628-0018_gt_7729-102255-0019_ar_epoch-60pt_nar_checkpoint-100000pt_2023_11_02_17_10_30_0.wav,4.374573230743408,NISQA_TTS_v1,3.869910502135754
prompt_7021-85628-0018_gt_7729-102255-0036_ar_epoch-60pt_nar_checkpoint-100000pt_2023_11_02_17_10_30_0.wav,4.430817127227783,NISQA_TTS_v1,3.869910502135754
prompt_5105-28240-0005_gt_260-123288-0002_ar_epoch-60pt_nar_checkpoint-100000pt_2023_11_02_17_10_30_0.wav,4.437907695770264,NISQA_TTS_v1,3.869910502135754
prompt_2300-131720-0006_gt_2300-131720-0015_ar_epoch-60pt_nar_checkpoint-100000pt_2023_11_02_17_10_30_0.wav,4.323789119720459,NISQA_TTS_v1,3.869910502135754
prompt_1320-122612-0008_gt_1221-135766-0004_ar_epoch-60pt_nar_checkpoint-100000pt_2023_11_02_17_10_30_0.wav,3.285409927368164,NISQA_TTS_v1,3.869910502135754
prompt_260-123288-0001_gt_1221-135766-0014_ar_epoch-60pt_nar_checkpoint-100000pt_2023_11_02_17_10_30_0.wav,3.8835391998291016,NISQA_TTS_v1,3.869910502135754
prompt_5105-28240-0005_gt_5105-28240-0004_ar_epoch-60pt_nar_checkpoint-100000pt_2023_11_02_17_10_30_0.wav,4.652136325836182,NISQA_TTS_v1,3.869910502135754
prompt_1221-135766-0014_gt_1320-122612-0007_ar_epoch-60pt_nar_checkpoint-100000pt_2023_11_02_17_10_30_0.wav,1.7401835918426514,NISQA_TTS_v1,3.869910502135754
prompt_7021-85628-0018_gt_1580-141084-0048_ar_epoch-60pt_nar_checkpoint-100000pt_2023_11_02_17_10_30_0.wav,4.324549674987793,NISQA_TTS_v1,3.869910502135754
prompt_1221-135766-0014_gt_7021-85628-0008_ar_epoch-60pt_nar_checkpoint-100000pt_2023_11_02_17_10_30_0.wav,3.1058480739593506,NISQA_TTS_v1,3.869910502135754
prompt_7729-102255-0010_gt_2300-131720-0000_ar_epoch-60pt_nar_checkpoint-100000pt_2023_11_02_17_10_30_0.wav,3.2169363498687744,NISQA_TTS_v1,3.869910502135754
prompt_3575-170457-0022_gt_2300-131720-0000_ar_epoch-60pt_nar_checkpoint-100000pt_2023_11_02_17_10_30_0.wav,3.6955063343048096,NISQA_TTS_v1,3.869910502135754
prompt_260-123288-0001_gt_5105-28240-0004_ar_epoch-60pt_nar_checkpoint-100000pt_2023_11_02_17_10_30_0.wav,4.33280611038208,NISQA_TTS_v1,3.869910502135754
prompt_5105-28240-0005_gt_1320-122612-0008_ar_epoch-60pt_nar_checkpoint-100000pt_2023_11_02_17_10_30_0.wav,4.413026332855225,NISQA_TTS_v1,3.869910502135754
prompt_3575-170457-0022_gt_1580-141084-0048_ar_epoch-60pt_nar_checkpoint-100000pt_2023_11_02_17_10_30_0.wav,4.130974292755127,NISQA_TTS_v1,3.869910502135754
prompt_2300-131720-0006_gt_7021-85628-0008_ar_epoch-60pt_nar_checkpoint-100000pt_2023_11_02_17_10_30_0.wav,4.184698104858398,NISQA_TTS_v1,3.869910502135754
prompt_1221-135766-0014_gt_1320-122612-0004_ar_epoch-60pt_nar_checkpoint-100000pt_2023_11_02_17_10_30_0.wav,4.229623317718506,NISQA_TTS_v1,3.869910502135754
prompt_2300-131720-0006_gt_260-123288-0011_ar_epoch-60pt_nar_checkpoint-100000pt_2023_11_02_17_10_30_0.wav,3.7894275188446045,NISQA_TTS_v1,3.869910502135754
prompt_1320-122612-0008_gt_1320-122612-0007_ar_epoch-60pt_nar_checkpoint-100000pt_2023_11_02_17_10_30_0.wav,3.3767025470733643,NISQA_TTS_v1,3.869910502135754
prompt_7729-102255-0010_gt_260-123288-0011_ar_epoch-60pt_nar_checkpoint-100000pt_2023_11_02_17_10_30_0.wav,2.9428181648254395,NISQA_TTS_v1,3.869910502135754
prompt_3575-170457-0022_gt_5105-28240-0016_ar_epoch-60pt_nar_checkpoint-100000pt_2023_11_02_17_10_30_0.wav,4.1981425285339355,NISQA_TTS_v1,3.869910502135754
prompt_1580-141084-0009_gt_1580-141084-0047_ar_epoch-60pt_nar_checkpoint-100000pt_2023_11_02_17_10_30_0.wav,4.1875996589660645,NISQA_TTS_v1,3.869910502135754
prompt_1221-135766-0014_gt_1580-141084-0040_ar_epoch-60pt_nar_checkpoint-100000pt_2023_11_02_17_10_30_0.wav,4.394459247589111,NISQA_TTS_v1,3.869910502135754
prompt_7021-85628-0018_gt_7021-85628-0010_ar_epoch-60pt_nar_checkpoint-100000pt_2023_11_02_17_10_30_0.wav,2.985973358154297,NISQA_TTS_v1,3.869910502135754
prompt_2094-142345-0048_gt_1320-122612-0008_ar_epoch-60pt_nar_checkpoint-100000pt_2023_11_02_17_10_30_0.wav,3.7263033390045166,NISQA_TTS_v1,3.869910502135754
prompt_1221-135766-0014_gt_1221-135766-0014_ar_epoch-60pt_nar_checkpoint-100000pt_2023_11_02_17_10_30_0.wav,2.958401918411255,NISQA_TTS_v1,3.869910502135754
prompt_3575-170457-0022_gt_3575-170457-0000_ar_epoch-60pt_nar_checkpoint-100000pt_2023_11_02_17_10_30_0.wav,3.899261236190796,NISQA_TTS_v1,3.869910502135754
prompt_3575-170457-0022_gt_1580-141084-0040_ar_epoch-60pt_nar_checkpoint-100000pt_2023_11_02_17_10_30_0.wav,3.88081431388855,NISQA_TTS_v1,3.869910502135754
prompt_2094-142345-0048_gt_2300-131720-0027_ar_epoch-60pt_nar_checkpoint-100000pt_2023_11_02_17_10_30_0.wav,4.733034133911133,NISQA_TTS_v1,3.869910502135754
prompt_7729-102255-0010_gt_3575-170457-0022_ar_epoch-60pt_nar_checkpoint-100000pt_2023_11_02_17_10_30_0.wav,3.779597282409668,NISQA_TTS_v1,3.869910502135754
prompt_1580-141084-0009_gt_3575-170457-0005_ar_epoch-60pt_nar_checkpoint-100000pt_2023_11_02_17_10_30_0.wav,4.387360095977783,NISQA_TTS_v1,3.869910502135754
prompt_2300-131720-0006_gt_260-123288-0002_ar_epoch-60pt_nar_checkpoint-100000pt_2023_11_02_17_10_30_0.wav,2.354114294052124,NISQA_TTS_v1,3.869910502135754
prompt_2300-131720-0006_gt_1221-135766-0007_ar_epoch-60pt_nar_checkpoint-100000pt_2023_11_02_17_10_30_0.wav,3.15885329246521,NISQA_TTS_v1,3.869910502135754
prompt_1221-135766-0014_gt_2300-131720-0000_ar_epoch-60pt_nar_checkpoint-100000pt_2023_11_02_17_10_30_0.wav,1.557801604270935,NISQA_TTS_v1,3.869910502135754
prompt_5105-28240-0005_gt_1580-141084-0034_ar_epoch-60pt_nar_checkpoint-100000pt_2023_11_02_17_10_30_0.wav,3.796813726425171,NISQA_TTS_v1,3.869910502135754
prompt_1221-135766-0014_gt_1320-122612-0008_ar_epoch-60pt_nar_checkpoint-100000pt_2023_11_02_17_10_30_0.wav,2.790175676345825,NISQA_TTS_v1,3.869910502135754
prompt_1580-141084-0009_gt_5105-28240-0004_ar_epoch-60pt_nar_checkpoint-100000pt_2023_11_02_17_10_30_0.wav,4.190505504608154,NISQA_TTS_v1,3.869910502135754
prompt_7021-85628-0018_gt_2094-142345-0024_ar_epoch-60pt_nar_checkpoint-100000pt_2023_11_02_17_10_30_0.wav,4.222844123840332,NISQA_TTS_v1,3.869910502135754
prompt_2300-131720-0006_gt_1221-135766-0004_ar_epoch-60pt_nar_checkpoint-100000pt_2023_11_02_17_10_30_0.wav,3.241142511367798,NISQA_TTS_v1,3.869910502135754
prompt_1320-122612-0008_gt_1580-141084-0034_ar_epoch-60pt_nar_checkpoint-100000pt_2023_11_02_17_10_30_0.wav,4.185611248016357,NISQA_TTS_v1,3.869910502135754
prompt_3575-170457-0022_gt_1320-122612-0007_ar_epoch-60pt_nar_checkpoint-100000pt_2023_11_02_17_10_30_0.wav,4.119021892547607,NISQA_TTS_v1,3.869910502135754
prompt_1580-141084-0009_gt_7021-85628-0010_ar_epoch-60pt_nar_checkpoint-100000pt_2023_11_02_17_10_30_0.wav,4.421462535858154,NISQA_TTS_v1,3.869910502135754
prompt_7021-85628-0018_gt_1221-135766-0002_ar_epoch-60pt_nar_checkpoint-100000pt_2023_11_02_17_10_30_0.wav,3.5242810249328613,NISQA_TTS_v1,3.869910502135754
prompt_7021-85628-0018_gt_2094-142345-0001_ar_epoch-60pt_nar_checkpoint-100000pt_2023_11_02_17_10_30_0.wav,4.4862847328186035,NISQA_TTS_v1,3.869910502135754
prompt_1221-135766-0014_gt_3575-170457-0005_ar_epoch-60pt_nar_checkpoint-100000pt_2023_11_02_17_10_30_0.wav,4.519197940826416,NISQA_TTS_v1,3.869910502135754
prompt_3575-170457-0022_gt_1320-122612-0008_ar_epoch-60pt_nar_checkpoint-100000pt_2023_11_02_17_10_30_0.wav,3.993807554244995,NISQA_TTS_v1,3.869910502135754
prompt_7729-102255-0010_gt_7729-102255-0005_ar_epoch-60pt_nar_checkpoint-100000pt_2023_11_02_17_10_30_0.wav,3.0314395427703857,NISQA_TTS_v1,3.869910502135754
prompt_1580-141084-0009_gt_7729-102255-0019_ar_epoch-60pt_nar_checkpoint-100000pt_2023_11_02_17_10_30_0.wav,4.398758888244629,NISQA_TTS_v1,3.869910502135754
prompt_5105-28240-0005_gt_2094-142345-0021_ar_epoch-60pt_nar_checkpoint-100000pt_2023_11_02_17_10_30_0.wav,4.316199779510498,NISQA_TTS_v1,3.869910502135754
prompt_2300-131720-0006_gt_1320-122612-0007_ar_epoch-60pt_nar_checkpoint-100000pt_2023_11_02_17_10_30_0.wav,3.4345977306365967,NISQA_TTS_v1,3.869910502135754
prompt_1580-141084-0009_gt_7021-85628-0011_ar_epoch-60pt_nar_checkpoint-100000pt_2023_11_02_17_10_30_0.wav,4.214931964874268,NISQA_TTS_v1,3.869910502135754
prompt_3575-170457-0022_gt_1221-135766-0002_ar_epoch-60pt_nar_checkpoint-100000pt_2023_11_02_17_10_30_0.wav,4.022401809692383,NISQA_TTS_v1,3.869910502135754
prompt_1320-122612-0008_gt_2094-142345-0001_ar_epoch-60pt_nar_checkpoint-100000pt_2023_11_02_17_10_30_0.wav,4.268430233001709,NISQA_TTS_v1,3.869910502135754
prompt_260-123288-0001_gt_1580-141084-0047_ar_epoch-60pt_nar_checkpoint-100000pt_2023_11_02_17_10_30_0.wav,4.068047523498535,NISQA_TTS_v1,3.869910502135754
prompt_1320-122612-0008_gt_5105-28240-0005_ar_epoch-60pt_nar_checkpoint-100000pt_2023_11_02_17_10_30_0.wav,4.046117782592773,NISQA_TTS_v1,3.869910502135754
prompt_5105-28240-0005_gt_7021-85628-0010_ar_epoch-60pt_nar_checkpoint-100000pt_2023_11_02_17_10_30_0.wav,2.9885547161102295,NISQA_TTS_v1,3.869910502135754
prompt_1580-141084-0009_gt_1580-141084-0034_ar_epoch-60pt_nar_checkpoint-100000pt_2023_11_02_17_10_30_0.wav,4.20650053024292,NISQA_TTS_v1,3.869910502135754
prompt_1580-141084-0009_gt_2300-131720-0000_ar_epoch-60pt_nar_checkpoint-100000pt_2023_11_02_17_10_30_0.wav,4.263882160186768,NISQA_TTS_v1,3.869910502135754
prompt_260-123288-0001_gt_7729-102255-0019_ar_epoch-60pt_nar_checkpoint-100000pt_2023_11_02_17_10_30_0.wav,2.824545383453369,NISQA_TTS_v1,3.869910502135754
prompt_1580-141084-0009_gt_1320-122612-0007_ar_epoch-60pt_nar_checkpoint-100000pt_2023_11_02_17_10_30_0.wav,4.410966873168945,NISQA_TTS_v1,3.869910502135754
prompt_5105-28240-0005_gt_7729-102255-0005_ar_epoch-60pt_nar_checkpoint-100000pt_2023_11_02_17_10_30_0.wav,4.041470527648926,NISQA_TTS_v1,3.869910502135754
prompt_2300-131720-0006_gt_7729-102255-0005_ar_epoch-60pt_nar_checkpoint-100000pt_2023_11_02_17_10_30_0.wav,4.086604595184326,NISQA_TTS_v1,3.869910502135754
prompt_3575-170457-0022_gt_1580-141084-0047_ar_epoch-60pt_nar_checkpoint-100000pt_2023_11_02_17_10_30_0.wav,3.511218309402466,NISQA_TTS_v1,3.869910502135754
prompt_3575-170457-0022_gt_1221-135766-0007_ar_epoch-60pt_nar_checkpoint-100000pt_2023_11_02_17_10_30_0.wav,3.9686832427978516,NISQA_TTS_v1,3.869910502135754
prompt_7729-102255-0010_gt_7729-102255-0019_ar_epoch-60pt_nar_checkpoint-100000pt_2023_11_02_17_10_30_0.wav,2.27183198928833,NISQA_TTS_v1,3.869910502135754
prompt_3575-170457-0022_gt_5105-28240-0005_ar_epoch-60pt_nar_checkpoint-100000pt_2023_11_02_17_10_30_0.wav,4.532345771789551,NISQA_TTS_v1,3.869910502135754
prompt_260-123288-0001_gt_1221-135766-0004_ar_epoch-60pt_nar_checkpoint-100000pt_2023_11_02_17_10_30_0.wav,4.043752193450928,NISQA_TTS_v1,3.869910502135754
prompt_5105-28240-0005_gt_3575-170457-0050_ar_epoch-60pt_nar_checkpoint-100000pt_2023_11_02_17_10_30_0.wav,4.394080638885498,NISQA_TTS_v1,3.869910502135754
prompt_1320-122612-0008_gt_3575-170457-0005_ar_epoch-60pt_nar_checkpoint-100000pt_2023_11_02_17_10_30_0.wav,4.171952724456787,NISQA_TTS_v1,3.869910502135754
prompt_2300-131720-0006_gt_5105-28240-0016_ar_epoch-60pt_nar_checkpoint-100000pt_2023_11_02_17_10_30_0.wav,3.762854814529419,NISQA_TTS_v1,3.869910502135754
prompt_7729-102255-0010_gt_2300-131720-0009_ar_epoch-60pt_nar_checkpoint-100000pt_2023_11_02_17_10_30_0.wav,3.0266568660736084,NISQA_TTS_v1,3.869910502135754
prompt_2094-142345-0048_gt_1320-122612-0005_ar_epoch-60pt_nar_checkpoint-100000pt_2023_11_02_17_10_30_0.wav,2.6588356494903564,NISQA_TTS_v1,3.869910502135754
prompt_1580-141084-0009_gt_1221-135766-0002_ar_epoch-60pt_nar_checkpoint-100000pt_2023_11_02_17_10_30_0.wav,4.219455718994141,NISQA_TTS_v1,3.869910502135754
prompt_7021-85628-0018_gt_5105-28240-0005_ar_epoch-60pt_nar_checkpoint-100000pt_2023_11_02_17_10_30_0.wav,4.319602012634277,NISQA_TTS_v1,3.869910502135754
prompt_1221-135766-0014_gt_1221-135766-0004_ar_epoch-60pt_nar_checkpoint-100000pt_2023_11_02_17_10_30_0.wav,4.354396343231201,NISQA_TTS_v1,3.869910502135754
prompt_2300-131720-0006_gt_260-123288-0006_ar_epoch-60pt_nar_checkpoint-100000pt_2023_11_02_17_10_30_0.wav,2.454730749130249,NISQA_TTS_v1,3.869910502135754
prompt_2094-142345-0048_gt_5105-28240-0004_ar_epoch-60pt_nar_checkpoint-100000pt_2023_11_02_17_10_30_0.wav,4.103796482086182,NISQA_TTS_v1,3.869910502135754
prompt_7729-102255-0010_gt_1580-141084-0040_ar_epoch-60pt_nar_checkpoint-100000pt_2023_11_02_17_10_30_0.wav,2.2148687839508057,NISQA_TTS_v1,3.869910502135754
prompt_1580-141084-0009_gt_2094-142345-0021_ar_epoch-60pt_nar_checkpoint-100000pt_2023_11_02_17_10_30_0.wav,4.371175765991211,NISQA_TTS_v1,3.869910502135754
prompt_2094-142345-0048_gt_7021-85628-0009_ar_epoch-60pt_nar_checkpoint-100000pt_2023_11_02_17_10_30_0.wav,4.6248860359191895,NISQA_TTS_v1,3.869910502135754
prompt_3575-170457-0022_gt_2094-142345-0001_ar_epoch-60pt_nar_checkpoint-100000pt_2023_11_02_17_10_30_0.wav,4.172469615936279,NISQA_TTS_v1,3.869910502135754
prompt_2094-142345-0048_gt_1221-135766-0002_ar_epoch-60pt_nar_checkpoint-100000pt_2023_11_02_17_10_30_0.wav,4.747677326202393,NISQA_TTS_v1,3.869910502135754
prompt_5105-28240-0005_gt_260-123288-0001_ar_epoch-60pt_nar_checkpoint-100000pt_2023_11_02_17_10_30_0.wav,4.499692916870117,NISQA_TTS_v1,3.869910502135754
prompt_2094-142345-0048_gt_260-123288-0002_ar_epoch-60pt_nar_checkpoint-100000pt_2023_11_02_17_10_30_0.wav,4.687443733215332,NISQA_TTS_v1,3.869910502135754
prompt_7021-85628-0018_gt_3575-170457-0022_ar_epoch-60pt_nar_checkpoint-100000pt_2023_11_02_17_10_30_0.wav,4.259551525115967,NISQA_TTS_v1,3.869910502135754
prompt_1320-122612-0008_gt_260-123288-0001_ar_epoch-60pt_nar_checkpoint-100000pt_2023_11_02_17_10_30_0.wav,4.506871700286865,NISQA_TTS_v1,3.869910502135754
prompt_1221-135766-0014_gt_7021-85628-0010_ar_epoch-60pt_nar_checkpoint-100000pt_2023_11_02_17_10_30_0.wav,4.191429615020752,NISQA_TTS_v1,3.869910502135754
prompt_2300-131720-0006_gt_5105-28240-0005_ar_epoch-60pt_nar_checkpoint-100000pt_2023_11_02_17_10_30_0.wav,3.253801107406616,NISQA_TTS_v1,3.869910502135754
prompt_2300-131720-0006_gt_7021-85628-0011_ar_epoch-60pt_nar_checkpoint-100000pt_2023_11_02_17_10_30_0.wav,4.3888115882873535,NISQA_TTS_v1,3.869910502135754
prompt_5105-28240-0005_gt_2300-131720-0027_ar_epoch-60pt_nar_checkpoint-100000pt_2023_11_02_17_10_30_0.wav,4.558643817901611,NISQA_TTS_v1,3.869910502135754
prompt_1320-122612-0008_gt_7729-102255-0036_ar_epoch-60pt_nar_checkpoint-100000pt_2023_11_02_17_10_30_0.wav,3.6732656955718994,NISQA_TTS_v1,3.869910502135754
prompt_3575-170457-0022_gt_7729-102255-0036_ar_epoch-60pt_nar_checkpoint-100000pt_2023_11_02_17_10_30_0.wav,4.12281608581543,NISQA_TTS_v1,3.869910502135754
prompt_3575-170457-0022_gt_1320-122612-0005_ar_epoch-60pt_nar_checkpoint-100000pt_2023_11_02_17_10_30_0.wav,3.4684364795684814,NISQA_TTS_v1,3.869910502135754
prompt_260-123288-0001_gt_7729-102255-0036_ar_epoch-60pt_nar_checkpoint-100000pt_2023_11_02_17_10_30_0.wav,3.3984007835388184,NISQA_TTS_v1,3.869910502135754
prompt_3575-170457-0022_gt_7729-102255-0019_ar_epoch-60pt_nar_checkpoint-100000pt_2023_11_02_17_10_30_0.wav,4.094549179077148,NISQA_TTS_v1,3.869910502135754
prompt_5105-28240-0005_gt_1580-141084-0040_ar_epoch-60pt_nar_checkpoint-100000pt_2023_11_02_17_10_30_0.wav,4.108665943145752,NISQA_TTS_v1,3.869910502135754
prompt_2094-142345-0048_gt_2300-131720-0000_ar_epoch-60pt_nar_checkpoint-100000pt_2023_11_02_17_10_30_0.wav,4.644676685333252,NISQA_TTS_v1,3.869910502135754
prompt_1580-141084-0009_gt_7729-102255-0036_ar_epoch-60pt_nar_checkpoint-100000pt_2023_11_02_17_10_30_0.wav,4.505484580993652,NISQA_TTS_v1,3.869910502135754
prompt_1221-135766-0014_gt_1221-135766-0007_ar_epoch-60pt_nar_checkpoint-100000pt_2023_11_02_17_10_30_0.wav,2.481215238571167,NISQA_TTS_v1,3.869910502135754
prompt_1320-122612-0008_gt_1320-122612-0004_ar_epoch-60pt_nar_checkpoint-100000pt_2023_11_02_17_10_30_0.wav,4.0076212882995605,NISQA_TTS_v1,3.869910502135754
prompt_2300-131720-0006_gt_2094-142345-0021_ar_epoch-60pt_nar_checkpoint-100000pt_2023_11_02_17_10_30_0.wav,3.8093841075897217,NISQA_TTS_v1,3.869910502135754
prompt_1320-122612-0008_gt_2300-131720-0009_ar_epoch-60pt_nar_checkpoint-100000pt_2023_11_02_17_10_30_0.wav,4.337404251098633,NISQA_TTS_v1,3.869910502135754
prompt_2300-131720-0006_gt_1580-141084-0047_ar_epoch-60pt_nar_checkpoint-100000pt_2023_11_02_17_10_30_0.wav,2.764875650405884,NISQA_TTS_v1,3.869910502135754
prompt_7021-85628-0018_gt_2094-142345-0021_ar_epoch-60pt_nar_checkpoint-100000pt_2023_11_02_17_10_30_0.wav,3.998739719390869,NISQA_TTS_v1,3.869910502135754
prompt_2094-142345-0048_gt_1221-135766-0007_ar_epoch-60pt_nar_checkpoint-100000pt_2023_11_02_17_10_30_0.wav,4.442829608917236,NISQA_TTS_v1,3.869910502135754
prompt_260-123288-0001_gt_2300-131720-0009_ar_epoch-60pt_nar_checkpoint-100000pt_2023_11_02_17_10_30_0.wav,4.071277141571045,NISQA_TTS_v1,3.869910502135754
prompt_7729-102255-0010_gt_5105-28240-0016_ar_epoch-60pt_nar_checkpoint-100000pt_2023_11_02_17_10_30_0.wav,2.667875289916992,NISQA_TTS_v1,3.869910502135754
prompt_1320-122612-0008_gt_5105-28240-0004_ar_epoch-60pt_nar_checkpoint-100000pt_2023_11_02_17_10_30_0.wav,4.6280293464660645,NISQA_TTS_v1,3.869910502135754
prompt_7021-85628-0018_gt_7729-102255-0021_ar_epoch-60pt_nar_checkpoint-100000pt_2023_11_02_17_10_30_0.wav,4.1882405281066895,NISQA_TTS_v1,3.869910502135754
prompt_1580-141084-0009_gt_2094-142345-0024_ar_epoch-60pt_nar_checkpoint-100000pt_2023_11_02_17_10_30_0.wav,4.205626487731934,NISQA_TTS_v1,3.869910502135754
prompt_2094-142345-0048_gt_1320-122612-0007_ar_epoch-60pt_nar_checkpoint-100000pt_2023_11_02_17_10_30_0.wav,4.310067653656006,NISQA_TTS_v1,3.869910502135754
prompt_1320-122612-0008_gt_260-123288-0002_ar_epoch-60pt_nar_checkpoint-100000pt_2023_11_02_17_10_30_0.wav,3.611476182937622,NISQA_TTS_v1,3.869910502135754
